100_nissan_gt_r_2009_front.jpg,0.0692616,0.052136,0.0428561,0.0368242,0.0199095,0.0,0.0,0.0,0.0,0.0,0.0,0.0,0.0,0.0,0.0,0.0,0.0,0.0,0.0,0.0,0.0,0.792881,0.0,0.0,0.0,0.0,0.0,0.0,0.0,0.0,0.0,0.600197,0.0,0.0,0.0,0.0
100_nissan_gt_r_2009_rear.jpg,0.12733,0.0889647,0.0371793,0.0,0.00374638,0.0,0.0,0.492578,0.0,0.0,0.0,0.0,0.0,0.230047,0.0,0.0,0.0,0.823967,0.0,0.0,0.0,0.0,0.0,0.0,0.0,0.0,0.0,0.0,0.0,0.0,0.0,0.0,0.0,0.0,0.0,0.0
100_nissan_gt_r_2009_side.jpg,0.0335969,0.0,0.0,0.0,0.0,0.0,0.43,0.0,0.0,0.0,0.0,0.0,0.125913,0.0,0.0,0.0,0.0,0.552987,0.0,0.043787,0.0,0.0,0.700289,0.0,0.0,0.0,0.0,0.0,0.0,0.0,0.0,0.0,0.0,0.0,0.0,0.0
101_nissan_juke_2015_front.jpg,0.0,0.0,0.0,0.0,0.0,0.0,0.0,0.0,0.347689,0.0,0.0,0.0,0.0,0.0,0.0,0.0,0.0,0.0,0.0,0.198663,0.0,0.0,0.0,0.0,0.0,0.27708,0.0,0.0,0.0,0.71434,0.0,0.0,0.419301,0.0,0.0,0.0
101_nissan_juke_2015_rear.jpg,0.0,0.0,0.0,0.0,0.0,0.0,0.0,0.0,0.0674649,0.208288,0.0,0.0,0.135431,0.0,0.0,0.0,0.796286,0.0,0.0,0.0,0.0,0.0,0.0,0.0,0.244153,0.0,0.0,0.0,0.0,0.0,0.0,0.37206,0.0,0.0,0.0,0.318765
101_nissan_juke_2015_side.jpg,0.0,0.0,0.0,0.146513,0.0,0.0,0.0,0.0,0.783391,0.0,0.0,0.0,0.0,0.0,0.386171,0.0,0.0,0.0,0.0,0.0,0.0,0.0,0.0,0.0,0.0,0.280098,0.0,0.0,0.201925,0.0,0.0,0.0,0.236012,0.0,0.0,0.0
102_pagani_huayra_bc_2016_front.jpg,0.105466,0.127286,0.00371251,0.0,0.0,0.0,0.0,0.696816,0.0,0.0,0.0,0.0,0.0,0.0,0.0,0.457624,0.0,0.0,0.0,0.0,0.0,0.300335,0.0,0.0,0.0,0.0,0.0,0.0,0.0,0.0,0.0,0.0,0.433,0.0,0.0,0.0
102_pagani_huayra_bc_2016_rear.jpg,0.0,0.0,0.0,0.0,0.0,0.0,0.0,0.0,0.0,0.0,0.0,0.0,0.0,0.103857,0.0,0.247759,0.177833,0.0,0.0,0.0,0.0,0.0602966,0.0,0.0,0.0,0.0,0.0,0.0781028,0.0,0.0,0.0,0.0,0.482296,0.0,0.0,0.808616
102_pagani_huayra_bc_2016_side.jpg,0.0,0.622742,0.0,0.0,0.329979,0.0,0.0,0.0,0.0,0.274845,0.0,0.0,0.0,0.0,0.0,0.0,0.425637,0.0,0.0,0.0,0.0,0.0,0.0,0.0,0.0,0.0,0.222191,0.0,0.444107,0.0,0.0,0.0,0.0,0.0,0.0,0.0
103_pagani_zonda_c12_1999_front.jpg,0.0,0.478362,0.0,0.0,0.0,0.0,0.0,0.355967,0.0,0.0,0.0,0.677283,0.0,0.0,0.0,0.0,0.0,0.0,0.0,0.0,0.0,0.0,0.0,0.0,0.0,0.0,0.0,0.0,0.410442,0.0,0.0,0.0,0.0,0.0,0.131461,0.0
103_pagani_zonda_c12_1999_rear.jpg,0.0425317,0.0372019,0.0,0.0,0.0,0.0,0.0,0.0,0.0,0.0,0.0,0.0,0.0,0.0,0.0,0.210846,0.0,0.0,0.0,0.0,0.0,0.0,0.0,0.0,0.0,0.0,0.0,0.0,0.0,0.0,0.0,0.0,0.0,0.0,0.0,0.975885
103_pagani_zonda_c12_1999_side.jpg,0.0,0.0,0.0,0.0,0.0,0.0,0.0,0.0,0.0,0.0,0.0,0.0,0.0,0.146313,0.0,0.0,0.219982,0.0,0.0,0.0,0.0,0.0,0.0,0.710329,0.0,0.0,0.0,0.0,0.0,0.0,0.560208,0.0,0.0,0.334367,0.0,0.0
104_pagani_zonda_cinque_2009_front.jpg,0.379577,0.0368381,0.0,0.0,0.0,0.0,0.0,0.0,0.0,0.0,0.0,0.0,0.0,0.0,0.0,0.0,0.0,0.0,0.0,0.0,0.0,0.676931,0.0,0.0,0.0,0.0,0.0,0.0,0.0,0.0,0.587364,0.226567,0.0,0.0,0.0,0.0
104_pagani_zonda_cinque_2009_rear.jpg,0.107052,0.0797358,0.0320587,0.0,0.0,0.0,0.0,0.0,0.0,0.0,0.0,0.0,0.0,0.855975,0.0,0.0,0.0,0.0,0.0,0.49846,0.0,0.0,0.0,0.0,0.0,0.0,0.0,0.0,0.0,0.0,0.0,0.0,0.0,0.0,0.0,0.0
104_pagani_zonda_cinque_2009_side.jpg,0.0,0.0,0.0,0.176079,0.0909991,0.0,0.0,0.0,0.0,0.324348,0.0,0.919628,0.0,0.0,0.0,0.0,0.0,0.0,0.0,0.0,0.0,0.0,0.0,0.0,0.0,0.0,0.0,0.0,0.0,0.0,0.0989839,0.0,0.0,0.0,0.0,0.0
105_peugeot_onyx_2012_front.jpg,0.0489867,0.0274638,0.0,0.0,0.15238,0.0,0.0,0.0,0.0,0.398929,0.0,0.0,0.0,0.0,0.0,0.0,0.0,0.0,0.0,0.0,0.0,0.0,0.34718,0.0,0.0,0.833035,0.0,0.0,0.0,0.0,0.0,0.0,0.0,0.0,0.0,0.0
105_peugeot_onyx_2012_rear.jpg,0.0303084,0.0267691,0.0,0.0,0.0,0.256724,0.0532391,0.0,0.0,0.322725,0.0,0.0,0.0,0.0,0.0,0.0,0.0,0.0,0.0,0.0,0.0,0.0,0.0,0.0,0.0,0.0,0.0,0.0,0.0,0.908555,0.0,0.0,0.0,0.0,0.0,0.0
105_peugeot_onyx_2012_side.jpg,0.0,0.0,0.0,0.0,0.0,0.0,0.0,0.0571496,0.0,0.0,0.0,0.0,0.0,0.321834,0.0,0.698858,0.0,0.0,0.127852,0.0,0.0,0.0,0.0,0.0,0.462422,0.0,0.0,0.353511,0.0,0.22272,0.0,0.0,0.0,0.0,0.0,0.0
106_porsche_911_2015_front.jpg,0.320415,0.0,0.10902,0.0,0.0,0.0,0.0,0.0,0.0,0.0,0.0,0.0,0.0,0.0,0.0,0.4554,0.0,0.0,0.0,0.0,0.0,0.0,0.0,0.0,0.0,0.0,0.0,0.0,0.0,0.334752,0.0,0.0,0.0,0.633485,0.405829,0.0
106_porsche_911_2015_rear.jpg,0.0,0.0,0.0,0.0,0.0,0.0,0.0,0.300263,0.0,0.0,0.0,0.0,0.0,0.0,0.0,0.0,0.0,0.0,0.254472,0.727409,0.0,0.453067,0.0,0.0,0.0,0.235107,0.0,0.0,0.0,0.0,0.0,0.0,0.165765,0.0,0.0,0.0
106_porsche_911_2015_side.jpg,0.0,0.0,0.0,0.0,0.0,0.0,0.423625,0.0,0.0,0.0,0.0,0.0,0.0,0.0,0.375473,0.0,0.0,0.0,0.0,0.0188462,0.0,0.0,0.0,0.505174,0.0,0.0,0.0,0.0,0.0,0.0,0.0,0.0,0.0,0.0,0.0,0.0
107_porsche_918_spyder_2015_front.jpg,0.594422,0.0,0.0,0.0,0.0,0.0,0.0,0.429097,0.0,0.0,0.0,0.450141,0.0,0.0,0.0,0.0,0.0,0.0,0.0,0.0,0.0,0.0,0.0,0.0,0.0,0.0,0.0,0.0,0.0,0.0,0.0,0.0,0.0,0.275275,0.0,0.0
107_porsche_918_spyder_2015_rear.jpg,0.0,0.0,0.0,0.288356,0.0,0.0,0.412057,0.0,0.0,0.0,0.0,0.0,0.0,0.0,0.0,0.0,0.0,0.0,0.0,0.0,0.0,0.0,0.0,0.0,0.0,0.275373,0.0,0.0,0.642362,0.0,0.0,0.0,0.508528,0.0,0.0,0.0
107_porsche_918_spyder_2015_side.jpg,0.0517067,0.0,0.0,0.0,0.483158,0.0,0.0,0.0,0.0,0.0,0.0,0.0,0.458241,0.0,0.0,0.0,0.0,0.0,0.0,0.0,0.0,0.0,0.620106,0.182097,0.369066,0.0,0.0,0.0,0.0,0.0,0.0,0.0,0.0,0.0,0.0,0.0
108_porsche_959_1988_front.jpg,0.382429,0.074086,0.0,0.0,0.0,0.0,0.0,0.0,0.0,0.0,0.0,0.0,0.0,0.0,0.0,0.0,0.331955,0.0,0.0,0.0,0.0,0.0,0.0,0.0,0.0,0.0,0.0,0.0,0.0,0.0,0.0,0.69263,0.0,0.397293,0.0,0.224077
108_porsche_959_1988_rear.jpg,0.039722,0.0326799,0.0,0.0,0.0,0.079444,0.0,0.0,0.0,0.0,0.0,0.0,0.0,0.0,0.0,0.0,0.0,0.0,0.839993,0.0,0.0,0.0,0.0,0.0,0.0,0.0,0.0,0.0,0.416256,0.0,0.0,0.0,0.0,0.0,0.334941,0.0
108_porsche_959_1988_side.jpg,0.0,0.0,0.0,0.0,0.0,0.0,0.0,0.0,0.0,0.0,0.0,0.0,0.0,0.0,0.0,0.0,0.859039,0.0,0.0,0.194752,0.0,0.0,0.0,0.133939,0.0,0.0,0.0,0.0,0.0,0.0,0.0,0.0,0.262121,0.0,0.0,0.0
109_porsche_993_1995_front.jpg,0.345029,0.0,0.0,0.0,0.0,0.0,0.0,0.0,0.0,0.0,0.0,0.0,0.0,0.0,0.0,0.0,0.0,0.281579,0.0,0.0,0.581822,0.0,0.0,0.0,0.240448,0.0,0.0,0.0,0.0,0.0,0.0,0.258479,0.0,0.0,0.0,0.0
109_porsche_993_1995_rear.jpg,0.0402312,0.889765,0.0374244,0.0,0.0,0.0,0.0,0.0,0.0,0.0,0.246481,0.0,0.0,0.0,0.0,0.0,0.0,0.0,0.0,0.0,0.0,0.104268,0.365615,0.0,0.0,0.0,0.0,0.0,0.0,0.0,0.0,0.0,0.0,0.0,0.0,0.0
109_porsche_993_1995_side.jpg,0.901338,0.115166,0.0634492,0.0,0.0,0.0,0.0,0.0,0.0,0.0,0.0,0.0,0.0,0.0,0.0,0.0,0.0,0.0,0.363816,0.0,0.0,0.0,0.0,0.0,0.0,0.0,0.0,0.0,0.0,0.0,0.0,0.194777,0.0,0.0,0.0,0.0
10_aston_martin_db11_2017_front.jpg,0.0,0.0,0.0,0.0,0.29458,0.0,0.0,0.0,0.0,0.0,0.0,0.148658,0.0,0.0,0.0,0.0,0.0,0.172702,0.0,0.741728,0.0,0.0,0.0,0.0,0.0,0.0,0.516639,0.0,0.0,0.0,0.0,0.0,0.0,0.0,0.0,0.0
10_aston_martin_db11_2017_rear.jpg,0.0,0.0,0.0,0.0,0.0,0.0,0.0,0.0,0.220268,0.0,0.807977,0.0,0.0,0.0,0.0,0.0,0.376523,0.0,0.0,0.287453,0.0,0.229022,0.0,0.0,0.0,0.0732038,0.0,0.0,0.0,0.0,0.0,0.0,0.0,0.128243,0.0,0.0
10_aston_martin_db11_2017_side.jpg,0.0,0.594153,0.624149,0.0,0.0,0.0,0.0,0.0,0.0,0.0,0.0,0.0,0.103763,0.0,0.0,0.0,0.0,0.0,0.287747,0.0,0.085888,0.0,0.0,0.0,0.0,0.0,0.0,0.0,0.0,0.0,0.0,0.0,0.0,0.386104,0.0,0.0
110_porsche_cayenne_2012_front.jpg,0.0,0.0,0.178226,0.0,0.0,0.284524,0.0,0.0,0.0,0.0,0.0,0.0,0.0,0.0,0.0,0.0,0.0,0.0,0.0,0.558308,0.0,0.0,0.0,0.0,0.0,0.0,0.0,0.0,0.0,0.0,0.0,0.0,0.0,0.0,0.0,0.758666
110_porsche_cayenne_2012_rear.jpg,0.0,0.0,0.195051,0.0,0.0,0.0,0.0,0.0,0.0,0.0,0.0,0.0,0.0,0.0,0.0,0.0,0.0,0.0,0.0,0.0,0.0,0.856214,0.0,0.0,0.0,0.0,0.0,0.0,0.0,0.0,0.253948,0.0,0.0,0.296979,0.0,0.0
110_porsche_cayenne_2012_side.jpg,0.696433,0.0,0.0,0.0,0.0,0.0,0.0,0.0,0.353002,0.0,0.414801,0.0,0.0,0.0,0.0,0.0,0.0,0.0,0.0,0.0,0.0,0.0,0.467237,0.0,0.0,0.0,0.0,0.0,0.0,0.0,0.0,0.0,0.0,0.0,0.0,0.0
111_renault_alpine_a_110_50_concept_2012_front.jpg,0.0,0.0,0.0,0.0,0.0,0.0,0.0,0.0,0.0,0.0,0.0,0.0,0.355975,0.0,0.381737,0.0,0.0,0.0,0.0,0.0,0.0,0.829013,0.0,0.0780254,0.0,0.0,0.0,0.0,0.0,0.0,0.0,0.167451,0.0,0.0,0.0,0.0
111_renault_alpine_a_110_50_concept_2012_rear.jpg,0.0690997,0.0556332,0.0,0.0509952,0.0263365,0.0,0.0,0.0,0.0,0.0,0.0,0.157243,0.0,0.0,0.0,0.0,0.0,0.0,0.0,0.0,0.0,0.0,0.0,0.0,0.0,0.0,0.0,0.0,0.0,0.0,0.981891,0.0,0.0,0.0,0.0,0.0
111_renault_alpine_a_110_50_concept_2012_side.jpg,0.679974,0.0,0.376641,0.0,0.535423,0.0,0.0,0.0,0.0,0.0,0.0,0.0,0.0,0.0,0.0771578,0.0,0.0,0.0,0.0,0.223403,0.0,0.0,0.0,0.0,0.0,0.0,0.0,0.213177,0.0,0.0,0.0,0.0,0.0882771,0.0,0.0,0.0
112_renault_clio_rs200_2014_side.jpg,0.207882,0.103736,0.0514577,0.0298734,0.0,0.0,0.0,0.0,0.0,0.0,0.0,0.0,0.0,0.0,0.0,0.0,0.0,0.0,0.0,0.0,0.0,0.0,0.0,0.270748,0.0,0.0,0.931819,0.0,0.0,0.0,0.0,0.0,0.0,0.0,0.0,0.0
112_renault_clio_rs400_2014_front.jpg,0.13967,0.059782,0.323975,0.0587097,0.0415078,0.0,0.0,0.0,0.0,0.0,0.916389,0.164378,0.0,0.0,0.0,0.0,0.0,0.0,0.0,0.0,0.0,0.0,0.0,0.0,0.0,0.0,0.0,0.0,0.0,0.0,0.0,0.0,0.0,0.0,0.0,0.0
112_renault_clio_rs400_2014_rear.jpg,0.0168282,0.0,0.0,0.244009,0.0,0.184007,0.0,0.0,0.0,0.0,0.0791505,0.0,0.0,0.0,0.774038,0.0,0.0,0.0,0.0,0.0,0.0,0.0,0.0,0.360123,0.0,0.0,0.0,0.0,0.0,0.0,0.0,0.413799,0.0,0.0,0.0,0.0
113_rimac_concept_one_2013_front.jpg,0.0,0.595553,0.339852,0.0,0.0,0.150074,0.0,0.0,0.0,0.0,0.0,0.257199,0.0,0.0,0.0,0.297485,0.0,0.264274,0.0,0.0,0.0,0.0,0.0,0.0,0.0,0.0,0.0,0.0,0.531794,0.0,0.0,0.0,0.0,0.0,0.0,0.0
113_rimac_concept_one_2013_rear.jpg,0.0,0.0,0.295219,0.0,0.0,0.0,0.0,0.0,0.0,0.0,0.071424,0.0,0.0,0.0,0.0,0.0,0.0,0.834779,0.0,0.0,0.137998,0.0,0.0,0.0,0.373962,0.0,0.0,0.0,0.0,0.0,0.0,0.0,0.228028,0.0,0.0,0.0
113_rimac_concept_one_2013_side.jpg,0.0225245,0.0,0.0,0.492722,0.0,0.0,0.0,0.0,0.0,0.0,0.0,0.0,0.0,0.720917,0.0,0.0,0.0,0.0,0.0,0.0,0.0,0.0,0.0,0.0,0.486823,0.0,0.0,0.0,0.0,0.0,0.0,0.0,0.0,0.0,0.0,0.0
114_rolls_royce_phantom_coupe_2009_front.jpg,0.0,0.0,0.0,0.0,0.0,0.0,0.0,0.0,0.0,0.0,0.0,0.0,0.0,0.0,0.0,0.0,0.0,0.0,0.303099,0.0,0.392348,0.0,0.0,0.0,0.0,0.0,0.0,0.0,0.0,0.571452,0.0,0.0,0.0,0.0,0.178902,0.628992
114_rolls_royce_phantom_coupe_2009_rear.jpg,0.0,0.0579147,0.0,0.0,0.0,0.0,0.0,0.0,0.499877,0.0,0.408444,0.0,0.0,0.0,0.0,0.0,0.0,0.210373,0.0,0.126818,0.0,0.0,0.0,0.0,0.0,0.0,0.0,0.0760217,0.0,0.0,0.716815,0.0,0.0,0.0,0.0,0.0
114_rolls_royce_phantom_coupe_2009_side.jpg,0.0,0.0,0.0,0.0,0.0,0.0,0.0,0.312038,0.0,0.0,0.0,0.0,0.0,0.0,0.0,0.888782,0.0,0.0,0.0,0.0,0.0,0.0,0.0,0.0,0.0,0.0,0.0,0.0,0.0,0.0,0.0,0.0,0.0,0.0875472,0.0,0.0
115_shelby_gt500_2012_front.jpg,0.0,0.21422,0.0,0.212174,0.651569,0.0,0.0,0.0,0.447502,0.0,0.0,0.0,0.0,0.255632,0.0,0.0,0.0,0.0,0.0,0.0,0.0,0.0,0.0,0.43808,0.0,0.0,0.0,0.0,0.0,0.0,0.0,0.164408,0.0,0.0,0.0,0.0
115_shelby_gt500_2012_rear.jpg,0.0830261,0.0821926,0.0726537,0.0,0.0,0.0,0.0,0.0,0.0,0.158412,0.0,0.0,0.25056,0.0,0.0,0.0,0.0,0.315759,0.0,0.0,0.0,0.0,0.0,0.890783,0.0,0.0,0.0,0.0,0.0,0.0,0.0,0.0,0.0,0.0,0.0,0.0
115_shelby_gt500_2012_side.jpg,0.0194181,0.0,0.0,0.0,0.141236,0.0,0.0,0.0,0.0,0.0,0.0,0.0,0.0,0.0,0.0,0.0,0.0,0.0,0.112564,0.0,0.428109,0.0,0.0,0.634578,0.0,0.0,0.444644,0.0,0.0,0.0,0.0,0.0,0.0,0.0,0.0,0.0
116_spyker_c8_2009_front.jpg,0.0,0.0,0.0,0.0,0.0,0.492831,0.0,0.0,0.0,0.0,0.0,0.0,0.0,0.368756,0.0,0.0,0.0,0.0,0.0,0.397574,0.0,0.0,0.0,0.0,0.0,0.0,0.0,0.0,0.680494,0.0,0.0,0.0,0.0,0.0,0.0,0.0
116_spyker_c8_2009_rear.jpg,0.351328,0.0,0.0,0.0,0.0,0.0,0.0,0.0,0.0,0.625993,0.0,0.0,0.501107,0.0,0.313883,0.0,0.0,0.0,0.0,0.0,0.0,0.0577272,0.0,0.0,0.0,0.0,0.0,0.362958,0.0,0.0,0.0,0.0,0.0,0.0,0.0,0.0
116_spyker_c8_2009_side.jpg,0.0,0.0,0.0,0.0,0.179455,0.0,0.0,0.0,0.0,0.0,0.0,0.161459,0.841045,0.0,0.0,0.0,0.0,0.0,0.0,0.0,0.0,0.0,0.0,0.0,0.0,0.0,0.0,0.0,0.0,0.0,0.0,0.0,0.456388,0.0,0.0,0.0
117_spyker_c8_aileron_2008_front.jpg,0.296511,0.0,0.0,0.0,0.0,0.0,0.0,0.469877,0.0,0.0,0.0,0.77194,0.0,0.0,0.0,0.0,0.0,0.0,0.0,0.0,0.0,0.0,0.0,0.0,0.18145,0.0,0.0,0.0,0.249964,0.0,0.0,0.0,0.0,0.0,0.0,0.0
117_spyker_c8_aileron_2008_rear.jpg,0.0,0.417917,0.526804,0.217334,0.0,0.0,0.259655,0.59631,0.0,0.0,0.0,0.0,0.0,0.0,0.0,0.0,0.0,0.0,0.0,0.0,0.0,0.0,0.0,0.0,0.0,0.0,0.0,0.0,0.234674,0.0,0.0,0.150033,0.0,0.0,0.0,0.0
117_spyker_c8_aileron_2008_side.jpg,0.0,0.0,0.0,0.0,0.0,0.0,0.0,0.345026,0.0,0.0,0.0,0.0,0.0,0.0,0.0,0.0,0.0,0.297532,0.0,0.0,0.0,0.0,0.0,0.0,0.0,0.0,0.0,0.0,0.0,0.334942,0.0,0.0,0.0,0.6674,0.484585,0.0
118_srt viper_gts_2013_front.jpg,0.0458556,0.0,0.0,0.0,0.289101,0.0,0.0,0.0,0.0,0.179645,0.0,0.0,0.0,0.0,0.0,0.0,0.0,0.0,0.589007,0.0,0.0,0.0,0.503445,0.0,0.0,0.0,0.0,0.0,0.0,0.0,0.0,0.0,0.0,0.518379,0.0,0.113761
118_srt viper_gts_2013_rear.jpg,0.0539673,0.0239549,0.0,0.0,0.0,0.0,0.0,0.0,0.0,0.0,0.0,0.0,0.0,0.247167,0.0,0.0,0.0,0.773807,0.0,0.0,0.0,0.0,0.29113,0.0,0.0,0.0,0.0,0.0,0.0,0.0,0.0,0.335185,0.0,0.0,0.0,0.373549
118_srt viper_gts_2013_side.jpg,0.0,0.0,0.0,0.0,0.0,0.0,0.0,0.0,0.0,0.0,0.0,0.0,0.0,0.0,0.0,0.0,0.0,0.0,0.362559,0.0,0.0,0.0,0.0,0.0,0.0,0.0,0.104767,0.0,0.539921,0.0,0.0,0.447743,0.0,0.0,0.0,0.40634
119_ssc_ultimate_aero_xt_2015_front.jpg,0.225863,0.0647788,0.0219589,0.016626,0.0,0.0,0.0,0.0,0.0,0.0,0.0,0.0,0.0,0.0,0.0,0.0,0.0,0.0,0.0,0.0,0.772092,0.0,0.0,0.0,0.0,0.0,0.0,0.0,0.430081,0.403652,0.0,0.0,0.0,0.0,0.0,0.0
119_ssc_ultimate_aero_xt_2015_rear.jpg,0.0,0.0,0.0,0.0,0.684864,0.0,0.0,0.0,0.0,0.252387,0.0,0.0,0.0,0.0,0.0,0.0,0.0,0.0,0.0886491,0.0,0.0,0.0,0.0,0.0,0.0,0.0,0.184928,0.639863,0.0,0.0,0.0,0.0,0.0,0.0,0.0,0.0
119_ssc_ultimate_aero_xt_2015_side.jpg,0.0,0.0,0.0,0.0,0.0,0.0,0.0,0.0,0.355541,0.644924,0.0,0.0,0.0,0.0,0.0,0.0,0.0,0.0,0.0334342,0.0756893,0.0,0.0,0.329789,0.0,0.0,0.0,0.0,0.0,0.0,0.579906,0.0,0.0,0.0,0.0,0.0,0.0
11_aston_martin_lagonda_2016_front.jpg,0.0,0.0,0.0,0.0,0.0,0.0,0.0,0.0,0.176938,0.668709,0.0,0.332112,0.0,0.0,0.0,0.0,0.0,0.0,0.280775,0.0,0.402056,0.0,0.0,0.0,0.0,0.0,0.0,0.0,0.245387,0.0,0.0,0.0,0.0,0.0,0.0,0.0
11_aston_martin_lagonda_2016_rear.jpg,0.16266,0.0443861,0.0382847,0.0,0.0,0.0,0.0,0.0,0.0,0.188943,0.0,0.0,0.0,0.848164,0.0,0.0,0.0,0.0,0.0,0.0,0.463708,0.0,0.0,0.0,0.0,0.0,0.0,0.0,0.0,0.0,0.0,0.0,0.0,0.0,0.0,0.0
11_aston_martin_lagonda_2016_side.jpg,0.0692671,0.0632757,0.0495392,0.0,0.0,0.0,0.0,0.384915,0.0,0.0,0.0,0.0,0.0,0.0,0.113253,0.204879,0.0,0.0,0.0,0.0,0.0,0.0,0.886444,0.0,0.0,0.0,0.0,0.0,0.0,0.0,0.0,0.0,0.0,0.0,0.0,0.0
120_subaru_brz_2013_front.jpg,0.0,0.0,0.0,0.0,0.0,0.0,0.0,0.0,0.0,0.0,0.0,0.0,0.0,0.0838754,0.0,0.0,0.0,0.455539,0.0,0.0,0.0,0.0,0.0,0.0,0.0,0.0,0.0,0.0,0.519237,0.0,0.41281,0.0,0.252972,0.0,0.391524,0.357974
120_subaru_brz_2013_rear.jpg,0.233345,0.0,0.0,0.756141,0.0,0.0,0.0,0.213454,0.0,0.0,0.0,0.0,0.0,0.0,0.0,0.0,0.0,0.0,0.0,0.31814,0.0,0.0,0.0,0.0,0.0,0.0,0.0,0.0786744,0.0,0.0,0.0,0.0,0.418619,0.0,0.0,0.0
120_subaru_brz_2013_side.jpg,0.0747163,0.0,0.0,0.0,0.293528,0.0,0.0,0.0,0.0,0.0,0.0,0.610642,0.0,0.0,0.22742,0.0,0.0,0.0,0.0,0.25135,0.0,0.0,0.569324,0.0,0.0,0.0,0.0,0.0,0.0,0.0,0.0,0.0,0.0,0.0,0.0,0.3104
121_tesla_model_s_2013_front.jpg,0.121633,0.0379664,0.0,0.0,0.0,0.0,0.0,0.0,0.0,0.0,0.0,0.0,0.0,0.0,0.0,0.0,0.38578,0.0,0.0,0.0,0.0,0.0,0.0,0.0,0.0,0.0,0.0,0.0,0.158967,0.785693,0.0,0.0,0.0,0.0,0.0,0.438582
121_tesla_model_s_2013_rear.jpg,0.0797061,0.0149526,0.323644,0.0,0.0,0.0,0.0,0.0,0.0,0.0,0.0,0.0,0.0,0.10368,0.0,0.0,0.0,0.0,0.842352,0.0,0.0,0.0,0.0,0.0,0.0,0.410332,0.0,0.0,0.0,0.0,0.0,0.0,0.0,0.0,0.0,0.0
121_tesla_model_s_2013_side.jpg,0.0,0.667347,0.1443,0.0,0.0,0.0,0.0,0.0,0.20664,0.0,0.0,0.0,0.0,0.0,0.0,0.378522,0.222,0.0,0.0,0.0,0.0,0.0,0.458128,0.0,0.297794,0.0,0.0,0.0,0.0,0.0,0.0,0.0,0.0,0.0,0.0,0.0
122_tesla_roadster_2011_front.jpg,0.173468,0.0799613,0.0680522,0.0620322,0.0540491,0.0,0.0,0.0,0.0,0.0,0.0,0.0,0.0,0.0,0.0,0.975764,0.0,0.0,0.0,0.0,0.0,0.0,0.0,0.0,0.0,0.0,0.0,0.0,0.0,0.0,0.0,0.0,0.0,0.0,0.0,0.0
122_tesla_roadster_2011_rear.jpg,0.440408,0.0100273,0.0,0.0,0.661139,0.51891,0.0,0.0,0.0,0.0,0.240654,0.0,0.0,0.0,0.0,0.0,0.0,0.0,0.0,0.0,0.0,0.0,0.0,0.0,0.0,0.0,0.0,0.0,0.0,0.0,0.0,0.0,0.0,0.0,0.0,0.144307
122_tesla_roadster_2011_side.jpg,0.126808,0.125376,0.117695,0.0257783,0.0,0.0,0.0,0.0,0.0,0.0,0.391362,0.858366,0.0,0.0,0.0,0.0,0.0,0.0,0.0,0.0,0.0,0.0,0.252445,0.0,0.0,0.0,0.0,0.0,0.0,0.0,0.0,0.0,0.0,0.0,0.0,0.0
123_toyota_avalon_2016_front.jpg,0.105838,0.0917961,0.0713832,0.0,0.0,0.0,0.0,0.0,0.0,0.0,0.0,0.0,0.698306,0.0,0.0,0.0,0.0,0.0,0.0,0.0,0.0,0.0,0.0,0.0,0.0,0.0,0.0,0.0,0.0,0.0,0.0,0.0,0.0,0.0,0.0,0.0
123_toyota_avalon_2016_rear.jpg,0.0442226,0.0,0.0,0.0,0.0,0.597085,0.177852,0.0,0.0,0.0,0.0,0.0,0.0,0.0,0.0,0.0,0.0,0.0,0.107993,0.0,0.0,0.491656,0.0,0.0,0.0,0.0,0.0,0.0,0.0,0.0,0.0,0.0,0.0,0.0,0.0,0.0
123_toyota_avalon_2016_side.jpg,0.0,0.0,0.0,0.0,0.0,0.0,0.0,0.0,0.0,0.0,0.0,0.45762,0.0,0.0,0.0,0.310256,0.0,0.0,0.2242,0.0,0.0,0.505986,0.0,0.0,0.0,0.0,0.0,0.156584,0.0,0.0,0.0,0.0,0.0,0.0,0.0,0.559691
124_toyota_avensis_2016_front.jpg,0.0727714,0.0616026,0.0,0.0,0.0,0.0,0.665326,0.0,0.0,0.0,0.280702,0.0,0.0,0.0,0.0,0.0,0.0,0.115614,0.0,0.0,0.0,0.0,0.0,0.0,0.0,0.0,0.0,0.0,0.0,0.0,0.0,0.0,0.0,0.0,0.0,0.0
124_toyota_avensis_2016_rear.jpg,0.0820253,0.0805429,0.0623308,0.0350125,0.0,0.0,0.269512,0.0,0.0,0.523564,0.796817,0.0,0.0,0.0,0.0,0.0,0.0,0.0,0.0,0.0,0.0,0.0,0.0,0.0,0.0,0.0,0.0,0.0,0.0,0.0,0.0,0.0,0.0,0.0,0.0,0.0
124_toyota_avensis_2016_side.jpg,0.0,0.0,0.0,0.0,0.0,0.325046,0.0,0.0,0.0,0.0,0.0,0.0,0.517865,0.0,0.0,0.0,0.0,0.34918,0.0,0.260088,0.0,0.620565,0.0,0.0907611,0.0,0.0,0.0,0.0,0.0,0.0,0.0,0.0,0.207968,0.0,0.0,0.0
125_toyota_fortuner_2016_front.jpg,0.0,0.0,0.0,0.0,0.0,0.134908,0.0,0.0,0.0,0.0,0.526493,0.0,0.0,0.0,0.0,0.0,0.225876,0.0,0.656432,0.0,0.0,0.0,0.0,0.0,0.178515,0.0,0.0,0.0,0.0,0.0,0.0,0.0,0.0,0.0,0.356699,0.252151
125_toyota_fortuner_2016_rear.jpg,0.0408079,0.0,0.0,0.0,0.211907,0.0,0.0,0.0,0.0,0.0,0.0,0.0,0.0838828,0.0,0.0,0.0,0.0,0.0,0.626121,0.0,0.0,0.0,0.0,0.0,0.0,0.0,0.0,0.0,0.0,0.0,0.0,0.0,0.0,0.594781,0.447886,0.0
125_toyota_fortuner_2016_side.jpg,0.278688,0.0880004,0.0666482,0.0,0.0,0.0,0.0,0.0,0.0,0.0,0.0,0.0,0.0,0.0,0.0,0.247216,0.0,0.0,0.0,0.544911,0.0,0.0,0.0,0.0,0.0,0.656609,0.347805,0.0,0.0,0.0,0.0,0.0,0.0,0.0,0.0,0.0
126_toyota-land_cruiser_2010_front.jpg,0.0,0.0,0.0,0.0,0.116957,0.0,0.203157,0.170409,0.0,0.0,0.0,0.0,0.0,0.0,0.0,0.0,0.256409,0.0,0.0,0.0,0.0,0.0,0.0,0.0,0.0,0.0,0.0,0.0,0.824671,0.375457,0.0,0.0,0.0,0.0,0.0,0.0
126_toyota-land_cruiser_2010_rear.jpg,0.0,0.0,0.0,0.235227,0.0,0.0,0.0,0.0,0.0,0.388933,0.0,0.0,0.0,0.0,0.0,0.0,0.0,0.0,0.739201,0.0,0.207335,0.364393,0.0,0.0,0.0,0.0,0.0,0.0,0.0,0.0,0.0,0.0,0.188661,0.0,0.0,0.0
126_toyota-land_cruiser_2010_side.jpg,0.0,0.544937,0.0,0.0,0.0,0.0,0.0,0.0,0.365087,0.0,0.0,0.0,0.0,0.0,0.0951703,0.0,0.0,0.0,0.0,0.0,0.0,0.0,0.0,0.0,0.0,0.0,0.0,0.0,0.0,0.0,0.0,0.512143,0.0,0.0376145,0.0,0.0
127_tvr_sagaris_2006_front.jpg,0.0750217,0.0,0.0,0.0,0.0,0.0,0.0,0.0,0.0,0.0,0.0,0.0,0.233824,0.0,0.0,0.125861,0.876174,0.0,0.0,0.0,0.0,0.0,0.0,0.0,0.0,0.351688,0.0,0.0,0.0,0.0,0.0,0.0,0.0,0.0,0.0,0.0
127_tvr_sagaris_2006_rear.jpg,0.0,0.0580375,0.128475,0.0,0.0,0.28063,0.0,0.0,0.157321,0.0,0.0,0.75578,0.0,0.0,0.552648,0.0,0.0,0.0,0.0,0.0,0.0,0.0,0.0,0.0,0.0,0.0,0.0,0.0,0.0,0.0,0.0,0.0,0.0,0.0,0.0,0.0
127_tvr_sagaris_2006_side.jpg,0.055169,0.0,0.498305,0.0,0.0,0.0,0.0,0.0,0.0,0.0,0.0,0.0,0.0,0.0,0.0,0.0,0.0,0.0,0.0,0.0,0.0,0.766191,0.0,0.0,0.0,0.0,0.308096,0.0,0.0,0.0,0.248123,0.0,0.0715001,0.0,0.0,0.0
128_volvo_xc60_2009_front.jpg,0.0,0.0,0.0,0.0,0.0,0.135996,0.0,0.0,0.0,0.0,0.326196,0.0,0.0,0.0,0.652954,0.0,0.0,0.0,0.0,0.0,0.0,0.0,0.238518,0.0,0.0,0.0,0.372603,0.0,0.0,0.0,0.0,0.0,0.476999,0.0,0.0,0.159687
128_volvo_xc60_2009_rear.jpg,0.0,0.0,0.228764,0.0,0.0,0.0,0.0,0.0,0.0,0.0,0.510397,0.0,0.0,0.0457224,0.0,0.469009,0.0,0.0,0.0,0.0,0.0,0.311642,0.0,0.0,0.138079,0.0,0.0,0.0,0.0,0.0,0.0,0.0,0.59069,0.0,0.0,0.0
128_volvo_xc60_2009_side.jpg,0.0,0.0,0.0,0.0,0.0,0.0,0.0,0.0,0.0,0.0,0.0,0.0,0.0,0.0,0.0,0.0,0.0,0.0,0.0,0.727872,0.0,0.0,0.176483,0.0,0.0,0.324562,0.0,0.0,0.0,0.0,0.523894,0.0,0.243415,0.0,0.0,0.0
129_w_motors_lykan_hypersport_2013_front.jpg,0.0282982,0.16757,0.0,0.0,0.0,0.0,0.0,0.0,0.0,0.0,0.0,0.0,0.0,0.940185,0.0,0.0,0.0,0.0,0.0,0.0,0.0,0.0,0.0,0.0,0.0,0.0,0.284228,0.0,0.0,0.0,0.0,0.0,0.0,0.0,0.0799122,0.0
129_w_motors_lykan_hypersport_2013_rear.jpg,0.000349257,0.0,0.0730197,0.859821,0.0,0.0,0.0,0.0422601,0.0,0.0,0.428738,0.0,0.0,0.0,0.0,0.0,0.0,0.0,0.0,0.0,0.0,0.0,0.0,0.0,0.0,0.0,0.0,0.0,0.0,0.0,0.0,0.0,0.0,0.0,0.0,0.25376
129_w_motors_lykan_hypersport_2013_side.jpg,0.0,0.118698,0.0,0.0,0.0,0.0,0.0,0.0,0.76202,0.0,0.0,0.0,0.0,0.0,0.0,0.0,0.0,0.0,0.542488,0.0,0.0,0.0,0.27338,0.0,0.0,0.190279,0.0,0.0,0.0,0.0,0.0,0.0,0.0,0.0,0.0,0.0
12_aston_martin_vulcan_2016_front.jpg,0.0263244,0.246402,0.0,0.0,0.0,0.0,0.0,0.0,0.0,0.794639,0.0,0.0,0.0,0.0,0.0,0.0,0.0,0.0,0.0,0.0,0.0,0.0,0.554205,0.0,0.0,0.0,0.0,0.0,0.0,0.0,0.0,0.0,0.0,0.0,0.0,0.0
12_aston_martin_vulcan_2016_rear.jpg,0.618668,0.0,0.0,0.0,0.0,0.0,0.0,0.0,0.0,0.0,0.0,0.0,0.0,0.0,0.0,0.77666,0.0,0.0,0.0,0.0,0.0,0.0296636,0.0,0.0,0.0,0.091694,0.0,0.0,0.0,0.0,0.0,0.0690017,0.0,0.0,0.0,0.0
12_aston_martin_vulcan_2016_side.jpg,0.0,0.0,0.0,0.0,0.0,0.0,0.578299,0.0,0.0,0.0,0.0,0.0,0.346333,0.0,0.0,0.0,0.0,0.0,0.0,0.0,0.0,0.30459,0.419944,0.0,0.0,0.0,0.0,0.0,0.0,0.0,0.0,0.0,0.0,0.0,0.0818703,0.0
130_zenvo_st1_2012_front.jpg,0.0669869,0.321871,0.0366899,0.0,0.0,0.0,0.668386,0.0,0.0,0.0,0.0,0.0,0.0,0.0,0.0,0.0,0.0,0.549144,0.0,0.0,0.0,0.0,0.0,0.0,0.0,0.0,0.0,0.0,0.0,0.0,0.0,0.266511,0.0,0.0,0.0,0.0
130_zenvo_st1_2012_rear.jpg,0.0,0.0,0.0,0.0,0.0,0.0,0.0,0.0,0.0,0.0,0.0,0.0,0.0,0.0,0.0,0.0,0.0,0.0,0.0,0.0,0.286787,0.0,0.0,0.438952,0.0,0.0,0.0,0.0,0.704526,0.0,0.0,0.271965,0.0,0.0,0.332069,0.210909
130_zenvo_st1_2012_side.jpg,0.0,0.0,0.335431,0.264192,0.0,0.540369,0.0,0.0,0.0,0.0,0.0,0.0,0.0,0.0,0.0,0.481116,0.0,0.0,0.0,0.0,0.0,0.0,0.0,0.397385,0.0,0.0,0.0,0.0,0.0,0.0,0.0,0.0,0.0,0.369193,0.0,0.0
13_audi_a5_coupe_2012_front.jpg,0.0,0.0,0.0,0.0,0.0,0.0,0.460045,0.0,0.0,0.183498,0.0,0.0,0.282691,0.147893,0.0,0.0,0.0,0.645741,0.0,0.0,0.0,0.0,0.0,0.0,0.0,0.0,0.0,0.0,0.0,0.155785,0.0,0.0,0.0,0.0,0.0,0.0
13_audi_a5_coupe_2012_rear.jpg,0.0,0.0,0.0,0.0,0.0,0.0,0.0,0.0,0.0,0.0,0.0,0.0,0.0,0.693592,0.0,0.0,0.0,0.0,0.0,0.0,0.0,0.52163,0.413659,0.0,0.0,0.0289244,0.0,0.0,0.120551,0.0,0.24566,0.0,0.0,0.0,0.0,0.0
13_audi_a5_coupe_2012_side.jpg,0.781805,0.0,0.0,0.0,0.0,0.0,0.0,0.0,0.0,0.286248,0.0,0.0,0.0,0.0,0.0,0.0,0.0,0.0,0.413677,0.0,0.0,0.0,0.0,0.0,0.0,0.0,0.0,0.0,0.0,0.368395,0.0,0.0,0.0,0.0,0.0,0.0
14_audi_r8_v10_2016_front.jpg,0.0,0.31475,0.0,0.0,0.0,0.0,0.0,0.357366,0.0,0.0,0.422002,0.0,0.0,0.0,0.0,0.0,0.0,0.0,0.0,0.0,0.0,0.0,0.0,0.0,0.0,0.0,0.0,0.0,0.747554,0.190524,0.0,0.0,0.0,0.0,0.0,0.0
14_audi_r8_v10_2016_rear.jpg,0.111692,0.0952237,0.0,0.0,0.0,0.0,0.71486,0.501801,0.0,0.0,0.0,0.257087,0.0,0.0,0.0,0.0,0.0,0.0,0.0,0.0,0.231745,0.0,0.0,0.0,0.0,0.0,0.309562,0.0,0.0,0.0,0.0,0.0,0.0,0.0,0.0,0.0
14_audi_r8_v10_2016_side.jpg,0.0,0.0,0.0630373,0.0,0.0,0.0,0.188532,0.0,0.0,0.0,0.0,0.0,0.0,0.0,0.0,0.0,0.0,0.0,0.0,0.0,0.0,0.0,0.584738,0.0,0.0,0.0,0.0,0.505072,0.0,0.0,0.123561,0.0,0.0790867,0.0,0.0,0.0
15_audi_tts_coupe_2009_front.jpg,0.00493618,0.0,0.0,0.0,0.21432,0.0,0.0,0.0,0.0,0.0,0.0,0.0,0.0,0.0,0.0,0.0711917,0.732456,0.0,0.0,0.0,0.0,0.0,0.0,0.0,0.0,0.0,0.0,0.0,0.0,0.0,0.0,0.0,0.0909931,0.0,0.0,0.598413
15_audi_tts_coupe_2009_rear.jpg,0.0,0.0,0.0,0.0,0.363517,0.0,0.0,0.0,0.0,0.0,0.0,0.0,0.0,0.0,0.0,0.0642538,0.0,0.606536,0.0,0.0,0.133054,0.0,0.0,0.0,0.0,0.0,0.0,0.0,0.239669,0.0,0.0,0.0,0.140028,0.0,0.633315,0.0
15_audi_tts_coupe_2009_side.jpg,0.0916326,0.085297,0.0,0.0,0.0,0.419217,0.0,0.0,0.0,0.0,0.0,0.488166,0.0,0.0,0.0,0.0,0.0,0.0,0.74278,0.136223,0.0,0.0,0.0,0.0,0.0,0.0,0.0,0.0,0.0,0.0,0.0,0.0,0.0,0.0,0.0,0.0
16_audi-r8_v10_5.2_fsi_quattro_2010_front.jpg,0.0,0.725267,0.0,0.0,0.0,0.0,0.0,0.0767378,0.0,0.0,0.0,0.667788,0.138008,0.0,0.0,0.0,0.0,0.0,0.0,0.0,0.0,0.0,0.0,0.0,0.0,0.0,0.0,0.0,0.0,0.0,0.0,0.0,0.0,0.0,0.0,0.0557821
16_audi-r8_v10_5.2_fsi_quattro_2010_rear.jpg,0.0,0.0,0.0,0.0,0.0,0.0,0.0,0.0,0.0,0.0,0.0,0.0,0.0,0.0,0.0,0.0,0.0,0.0464225,0.452037,0.311683,0.0,0.0,0.0,0.112718,0.0,0.0,0.0,0.778237,0.0,0.254625,0.0,0.0,0.0,0.0,0.0,0.0
16_audi-r8_v10_5.2_fsi_quattro_2010_side.jpg,0.0870702,0.0818289,0.0,0.0,0.0,0.0,0.0,0.0,0.0,0.0,0.0,0.550553,0.0,0.0,0.0,0.0,0.0,0.0,0.0,0.0,0.0,0.0,0.0,0.0,0.0,0.0,0.0,0.0,0.0,0.826204,0.0,0.0,0.0,0.0,0.0,0.0
17_bentley_arnage_2009_front.jpg,0.0,0.0,0.0,0.0,0.0,0.228755,0.0,0.0,0.0,0.0,0.0,0.0,0.0,0.205159,0.441592,0.0,0.0,0.0,0.0,0.0,0.0,0.0,0.0,0.0,0.0,0.0,0.0,0.104218,0.0,0.281894,0.0,0.0,0.735331,0.0,0.0,0.0
17_bentley_arnage_2009_rear.jpg,0.132696,0.123763,0.239169,0.0,0.0,0.0,0.0,0.0,0.271442,0.0,0.900774,0.0,0.0,0.0,0.0,0.0,0.0,0.0,0.0,0.0,0.0,0.0,0.0,0.0,0.0,0.0,0.0,0.0,0.0,0.0,0.0,0.0,0.0,0.0,0.157477,0.0
17_bentley_arnage_2009_side.jpg,0.140886,0.0901016,0.0737195,0.0,0.0,0.0,0.0,0.0,0.0,0.0,0.0,0.0,0.225775,0.778597,0.0,0.0,0.0,0.556247,0.0,0.0,0.0,0.0,0.0,0.0,0.0,0.0,0.0,0.0,0.0,0.0,0.0,0.0,0.0,0.0,0.0,0.0
18_bentley_continental_gt_speed_2013_front.jpg,0.0,0.0,0.0,0.0,0.0,0.0,0.234238,0.614527,0.0,0.0,0.0,0.578679,0.0,0.0,0.0,0.0,0.0,0.0,0.0,0.0690499,0.0,0.0,0.0,0.0,0.0,0.206317,0.0,0.0,0.0,0.430447,0.0,0.0,0.0,0.0,0.0,0.0
18_bentley_continental_gt_speed_2013_rear.jpg,0.000583989,0.0,0.0,0.0,0.0,0.0,0.491727,0.0,0.0,0.0,0.166311,0.0,0.774946,0.0,0.0,0.0,0.0,0.0,0.0,0.0,0.0,0.0,0.0,0.0,0.0,0.0,0.347639,0.0,0.0,0.0,0.0,0.0,0.0,0.0956637,0.0,0.0
18_bentley_continental_gt_speed_2013_side.jpg,0.0,0.0,0.0,0.236683,0.518807,0.0,0.0,0.389197,0.0,0.0,0.0,0.0,0.0,0.0,0.0,0.0,0.0,0.0,0.0,0.0,0.0,0.0,0.0,0.0,0.0,0.195346,0.0,0.0,0.152932,0.0,0.0,0.0,0.0,0.0,0.0,0.637008
19_bentley_mulsanne_speed_2015_front.jpg,0.283055,0.0,0.0,0.0,0.0,0.0,0.0,0.0,0.220495,0.0,0.404956,0.0,0.0,0.0,0.0,0.0,0.0,0.0,0.0,0.0,0.045387,0.0,0.0,0.446126,0.0,0.554074,0.0,0.0,0.0,0.0,0.0,0.0,0.0,0.0,0.0,0.0
19_bentley_mulsanne_speed_2015_rear.jpg,0.0,0.0,0.0,0.0,0.559252,0.0,0.222854,0.214864,0.379946,0.0,0.0,0.0,0.0,0.0,0.0,0.0,0.0,0.0,0.0,0.0,0.0,0.0,0.0,0.0,0.0,0.291412,0.0,0.0,0.0,0.503159,0.0,0.330086,0.0,0.0,0.0,0.0
19_bentley_mulsanne_speed_2015_side.jpg,0.102413,0.0797512,0.0,0.0,0.0,0.0,0.0,0.0,0.366821,0.0,0.0,0.0,0.0,0.0,0.0,0.0,0.0,0.0,0.875292,0.0,0.0,0.138927,0.0,0.0,0.0,0.0,0.0,0.0,0.0,0.251309,0.0,0.0,0.0,0.0,0.0,0.0
1_acura_nsx_1991_front.jpg,0.0426638,0.0,0.0,0.0,0.0,0.0,0.0,0.0,0.0,0.0,0.0,0.0,0.0,0.0,0.138804,0.0,0.683914,0.0,0.0,0.0,0.0,0.461663,0.0,0.0,0.0,0.0,0.0,0.0,0.0,0.386031,0.0,0.0,0.0,0.0,0.0,0.0
1_acura_nsx_1991_rear.jpg,0.117087,0.0839561,0.0,0.0,0.0,0.0,0.0,0.0,0.0,0.0,0.0,0.0,0.0,0.0,0.0,0.0,0.344631,0.0,0.0,0.0,0.601011,0.0,0.143696,0.0,0.0,0.0,0.0,0.0,0.0,0.0,0.0,0.0,0.0,0.691816,0.0,0.0
1_acura_nsx_1991_side.jpg,0.0519337,0.0,0.0,0.0,0.0,0.0,0.0,0.0,0.312048,0.0,0.0,0.0,0.0,0.0,0.0,0.0,0.0,0.0711024,0.0,0.776108,0.0,0.0,0.321187,0.0,0.0,0.0,0.0,0.0,0.0,0.0,0.376241,0.0,0.218657,0.0,0.0,0.0
20_bmw_3_series_2012_front.jpg,0.0,0.138892,0.0,0.0,0.0,0.0,0.187989,0.0,0.0,0.0,0.0,0.0,0.0,0.0,0.167171,0.0,0.0,0.0,0.0,0.0,0.0,0.0,0.0,0.0,0.0,0.0,0.0,0.275908,0.0,0.0,0.0,0.565755,0.708445,0.0,0.0,0.0
20_bmw_3_series_2012_rear.jpg,0.0,0.0,0.0,0.0,0.0,0.0,0.0,0.206653,0.0,0.262919,0.0,0.0,0.0,0.0,0.0,0.0,0.814426,0.0,0.0,0.326056,0.0,0.0,0.0,0.0,0.0,0.0,0.0,0.156448,0.0,0.0,0.0,0.0,0.0,0.0,0.0,0.0
20_bmw_3_Series_2012_side.jpg,0.667485,0.0,0.0,0.0,0.121791,0.0,0.0,0.0,0.0384924,0.0,0.0,0.0,0.0,0.0,0.13442,0.0,0.0,0.0,0.0,0.294582,0.0,0.0,0.0,0.0,0.0,0.0,0.0,0.519708,0.0,0.0,0.0,0.0,0.403988,0.0,0.0,0.0
21_bmw_m1_1981_front.jpg,0.0865253,0.0746143,0.067893,0.0,0.0,0.0,0.0,0.0,0.0,0.0,0.0,0.0,0.0,0.0,0.0,0.0,0.0,0.836497,0.0,0.0,0.0,0.0,0.0,0.0,0.0,0.158587,0.0,0.0,0.361671,0.0,0.0,0.355885,0.0,0.0,0.0,0.0
21_bmw_m1_1981_rear.jpg,0.0637957,0.0479931,0.0231186,0.0,0.0,0.0,0.0,0.0,0.0,0.0,0.0,0.449984,0.0,0.0,0.24972,0.0,0.778034,0.0,0.0,0.0,0.0,0.0,0.0,0.0,0.0,0.0,0.0,0.350584,0.0,0.0,0.0,0.0,0.0,0.0,0.0,0.0
21_bmw_m1_1981_side.jpg,0.0,0.0,0.0,0.0,0.0,0.0,0.0,0.0918032,0.0,0.0,0.127839,0.463978,0.0,0.0,0.0,0.0,0.0,0.0,0.0,0.214207,0.0,0.0,0.0,0.0,0.208536,0.0,0.0,0.0,0.0,0.155368,0.0,0.804016,0.0,0.0,0.0,0.0
22_bmw_m6_2015_side.jpg,0.0051564,0.0,0.0,0.295204,0.0,0.0,0.0,0.818946,0.0,0.0572728,0.0,0.0,0.0,0.179737,0.0,0.0,0.0,0.454499,0.0,0.0,0.0,0.0,0.0,0.0,0.0,0.0,0.0,0.0,0.0,0.0,0.0,0.0,0.0,0.0,0.0,0.0
22_bmw_m6_coupe_2015_front.jpg,0.0,0.0,0.0,0.0,0.0,0.0,0.0,0.0,0.468195,0.0,0.0,0.0,0.128654,0.0,0.0,0.511384,0.0,0.657695,0.0,0.0,0.0,0.0,0.0,0.0,0.109422,0.0,0.0,0.0,0.0,0.0,0.0,0.0,0.170102,0.0,0.0,0.0
22_bmw_m6_coupe_2015_rear.jpg,0.0,0.38155,0.0,0.138107,0.0,0.0,0.0,0.0,0.0,0.0,0.0,0.0,0.0,0.0,0.0,0.0,0.0,0.842018,0.0,0.0,0.0,0.0,0.0,0.0,0.0841015,0.0,0.0,0.0,0.0,0.0,0.292767,0.0,0.0,0.1203,0.0,0.0
23_bmw_z4_2015_front.jpg,0.0,0.0,0.0,0.0,0.0,0.0,0.0,0.0,0.0,0.0,0.0,0.0,0.0,0.0,0.0,0.0,0.0,0.0,0.0,0.0,0.571729,0.482712,0.1059,0.0,0.189582,0.0,0.0,0.0,0.0,0.0,0.0,0.0,0.0,0.0,0.0,0.597493
23_bmw_z4_2015_rear.jpg,0.0,0.712545,0.0,0.0,0.0,0.0,0.0,0.0,0.0,0.376914,0.0,0.224527,0.0,0.212117,0.0,0.0,0.0,0.153131,0.0,0.0,0.0,0.0,0.455837,0.0,0.0,0.0,0.0,0.0,0.0,0.0,0.0,0.0,0.0,0.0,0.0,0.0
23_bmw_z4_2015_side.jpg,0.0,0.18904,0.0,0.0,0.785346,0.0,0.0,0.0,0.167268,0.0,0.0,0.0,0.0,0.0,0.0,0.0,0.0,0.0,0.0,0.0,0.0,0.0,0.0,0.0,0.0,0.0,0.0705706,0.0,0.0,0.0,0.0,0.0,0.0,0.556288,0.0,0.0
24_bugatti_chiron_2017_front.jpg,0.329171,0.0,0.0,0.0,0.0,0.0,0.0,0.0,0.0,0.0,0.0,0.0,0.0,0.4009,0.0,0.0,0.0,0.0,0.0,0.0,0.140136,0.457187,0.0,0.0,0.0,0.0,0.0,0.0,0.251797,0.468436,0.0,0.0,0.0,0.0,0.0,0.0
24_bugatti_chiron_2017_rear.jpg,0.0787457,0.0753718,0.0571765,0.0441627,0.0,0.0,0.0,0.0,0.0,0.0,0.0,0.0,0.0,0.209667,0.0,0.0,0.0,0.968988,0.0,0.0,0.0,0.0,0.0,0.0,0.0,0.0,0.0,0.0,0.0,0.0,0.0,0.0,0.0,0.0,0.0,0.0
24_bugatti_chiron_2017_side.jpg,0.107863,0.0919619,0.0,0.0,0.0,0.0,0.0,0.0,0.0,0.0,0.0,0.0,0.0,0.0,0.0,0.788964,0.0,0.0,0.0,0.0,0.0,0.0,0.0,0.0,0.0,0.0,0.0,0.275886,0.0,0.0,0.161795,0.0,0.0,0.0,0.0,0.505128
25_bugatti_veyron_grand_sport_2009_front.jpg,0.0466384,0.0337564,0.0,0.0,0.0,0.0,0.0,0.0,0.0,0.0,0.127691,0.0,0.0,0.0,0.0,0.892711,0.0,0.0,0.405359,0.0,0.0,0.0,0.0,0.0,0.138317,0.0,0.0,0.0,0.0,0.0,0.0,0.0,0.0,0.0,0.0,0.0
25_bugatti_veyron_grand_sport_2009_rear.jpg,0.0680674,0.0356006,0.0,0.0,0.0,0.0,0.0,0.0,0.0,0.0,0.0,0.0,0.0,0.0,0.0,0.781835,0.0,0.0,0.0,0.0,0.0,0.0,0.0,0.0,0.0,0.0,0.0,0.171109,0.421692,0.142152,0.0,0.0,0.394365,0.0,0.0,0.0
25_bugatti_veyron_grand_sport_2009_side.jpg,0.0159428,0.0,0.0,0.0,0.0,0.0,0.0,0.0748502,0.0,0.0,0.0,0.0,0.0,0.0,0.0,0.0,0.0,0.0,0.0,0.0,0.0,0.0,0.0,0.0,0.0,0.605962,0.0,0.0,0.159833,0.0,0.0,0.0,0.117139,0.0,0.766606,0.0
26_cadillac_cts_v_2016_front.jpg,0.0,0.0,0.0,0.0,0.0,0.0,0.0,0.0,0.0,0.0,0.0,0.0,0.0,0.0,0.0,0.0,0.0,0.235142,0.0,0.0,0.0,0.0,0.539001,0.0,0.0,0.42805,0.0,0.0,0.0,0.327825,0.0,0.357742,0.0,0.0,0.0,0.0
26_cadillac_cts_v_2016_rear.jpg,0.0,0.0,0.0620774,0.0,0.121446,0.0,0.456535,0.0,0.0,0.0,0.0,0.0,0.0,0.0,0.0,0.0,0.0,0.0,0.0,0.58524,0.0,0.0,0.0,0.0,0.0,0.0,0.0,0.0,0.0,0.0,0.653059,0.0,0.0,0.0,0.0,0.0
26_cadillac_cts_v_2016_side.jpg,0.0,0.0,0.0,0.0,0.0,0.0,0.0,0.0,0.0,0.337869,0.0,0.0,0.0,0.690423,0.0,0.0,0.0,0.0,0.0,0.0,0.131195,0.157407,0.0,0.0,0.605338,0.0,0.0,0.0,0.0,0.0,0.0,0.0271723,0.0,0.0,0.0,0.0
27_cadillac_escalade_2015_front.jpg,0.0,0.0,0.181906,0.0,0.0,0.0,0.0,0.5197,0.601847,0.0,0.264736,0.0,0.0,0.0,0.0,0.0,0.252805,0.0,0.0,0.0,0.0,0.0,0.0,0.0,0.447892,0.0,0.0,0.0,0.0,0.0,0.0,0.0,0.0,0.0,0.0,0.0
27_cadillac_escalade_2015_rear.jpg,0.221728,0.0,0.0,0.0,0.0,0.0,0.0,0.0,0.0,0.0,0.0,0.0,0.0,0.0,0.0,0.0,0.0,0.0,0.0,0.0,0.0,0.0,0.0,0.0,0.0,0.0,0.0,0.4629,0.0,0.0,0.0,0.0,0.0,0.0,0.304113,0.0
27_cadillac_escalade_2015_side.jpg,0.0,0.0,0.38921,0.731229,0.0,0.0,0.0,0.0,0.0,0.341084,0.144377,0.0,0.0,0.0,0.0,0.0,0.420281,0.0,0.0,0.0,0.0,0.0,0.0,0.0,0.0,0.0,0.0,0.0,0.0,0.0,0.0,0.0,0.0,0.0,0.0,0.0
28_chevrolet_corvette_c7_stingray_2014_front.jpg,0.0,0.0,0.0,0.0,0.0,0.0,0.0,0.0,0.0,0.490499,0.0,0.0,0.0,0.0,0.0,0.0,0.0,0.23192,0.0,0.0,0.555909,0.257414,0.0967304,0.0,0.566543,0.0,0.0,0.0,0.0,0.0,0.0,0.0,0.0,0.0,0.0,0.0
28_chevrolet_corvette_c7_stingray_2014_rear.jpg,0.000790098,0.469845,0.0,0.439689,0.0,0.0,0.0,0.663419,0.0,0.351725,0.0,0.0,0.0,0.0,0.142349,0.0426653,0.0,0.0,0.0,0.0,0.0,0.0,0.0,0.0,0.0,0.0,0.0,0.0,0.0,0.0,0.0,0.0,0.0,0.0,0.0,0.0
28_chevrolet_corvette_c7_stingray_2014_side.jpg,0.0,0.0,0.0,0.0,0.0,0.0,0.0321589,0.0,0.0,0.656842,0.0,0.0,0.0,0.0,0.125636,0.0,0.0,0.0,0.362913,0.0,0.0,0.0,0.0,0.627349,0.0,0.162128,0.0,0.0,0.0,0.0,0.0134968,0.0,0.0,0.0,0.0,0.0
29_chevrolet_corvette_z06_2006_front.jpg,0.16718,0.0210824,0.00383737,0.0,0.233201,0.0,0.0,0.0,0.0,0.0,0.0,0.873764,0.0,0.0,0.0,0.0,0.0,0.0,0.0,0.0,0.0,0.0,0.0,0.0,0.0,0.0,0.0,0.0,0.0,0.0,0.392105,0.0,0.0,0.0,0.0,0.0
29_chevrolet_corvette_z06_2006_rear.jpg,0.206325,0.610048,0.0683817,0.0350373,0.0,0.0,0.0,0.0,0.0,0.159745,0.0,0.0,0.0,0.0,0.0,0.0,0.0,0.0,0.0,0.0,0.0,0.737732,0.0,0.0,0.0,0.0,0.0,0.0,0.0979812,0.0,0.0,0.0,0.0,0.0,0.0,0.0
29_chevrolet_corvette_z06_2006_side.jpg,0.0,0.0,0.0,0.0,0.0,0.653806,0.0,0.0,0.0,0.0,0.398559,0.0,0.14628,0.0,0.0,0.0,0.0,0.0,0.0,0.0,0.0,0.0,0.0,0.0,0.0,0.0,0.0,0.0,0.0,0.626331,0.0,0.0,0.0,0.0,0.0,0.0
2_acura_nsx_2016_front.jpg,0.0581473,0.0,0.0,0.0,0.0,0.0,0.0,0.0,0.0,0.0,0.0,0.0,0.673515,0.0,0.0780267,0.0,0.694984,0.0,0.0,0.0,0.0,0.0,0.0,0.0,0.127129,0.0,0.0,0.0,0.0,0.0,0.0,0.0,0.0,0.177921,0.0,0.0
2_acura_nsx_2016_rear.jpg,0.0,0.241563,0.0,0.0933589,0.0,0.0,0.0,0.0,0.0,0.0,0.0,0.0,0.0,0.0,0.0,0.0,0.0,0.0,0.478983,0.0,0.59428,0.0,0.0,0.0,0.558691,0.0,0.0,0.0684957,0.0,0.0,0.183062,0.0,0.0,0.0,0.0,0.0
2_acura_nsx_2016_side.jpg,0.0,0.0,0.263245,0.0,0.20763,0.0,0.0,0.0,0.71362,0.0,0.0,0.0,0.0,0.0,0.0,0.0,0.0,0.0,0.131296,0.0,0.0,0.494648,0.0,0.0,0.0,0.314062,0.0,0.0,0.0,0.0,0.0,0.0,0.0,0.0,0.0,0.0
30_chrysler_300_srt8_2012_front.jpg,0.0879945,0.0854756,0.0,0.0,0.0,0.0,0.0,0.33401,0.0,0.0,0.0,0.0,0.0,0.0,0.0,0.0,0.655676,0.0,0.0,0.429225,0.0,0.0,0.0,0.0,0.0,0.0,0.0,0.0,0.0,0.0,0.0,0.0,0.0,0.0,0.0,0.509159
30_chrysler_300_srt8_2012_rear.jpg,0.0507594,0.0167394,0.0,0.0,0.0,0.0,0.0,0.0,0.0,0.0,0.0,0.0,0.0,0.0,0.0,0.0,0.0,0.0,0.0,0.0,0.0,0.0,0.25506,0.0,0.0,0.0,0.0,0.0,0.0,0.0,0.0,0.934377,0.106209,0.0,0.0,0.21249
30_chrysler_300_srt8_2012_side.jpg,0.0788481,0.0594028,0.0522887,0.939656,0.0,0.0,0.0,0.0,0.0,0.0,0.0,0.0,0.0,0.0,0.0,0.0,0.0,0.0,0.0,0.0,0.0,0.0,0.0,0.0,0.195875,0.0,0.0,0.0,0.0,0.257294,0.0,0.0,0.0,0.0,0.0,0.0
31_chrysler_crossfire_2007_front.jpg,0.0,0.0,0.0,0.0,0.0,0.280179,0.0,0.168238,0.613064,0.0,0.0,0.0,0.0,0.0,0.0,0.0,0.0,0.0,0.0,0.0,0.0,0.0,0.0,0.656929,0.0,0.0,0.0,0.0,0.20245,0.0,0.128351,0.0,0.0,0.0,0.0,0.0
31_chrysler_crossfire_2007_rear.jpg,0.0583938,0.0,0.0,0.0,0.0,0.0,0.0,0.0,0.0,0.0,0.257703,0.0,0.0,0.0,0.0,0.0,0.612208,0.0,0.0,0.187606,0.0,0.0,0.0,0.0,0.0,0.0,0.0,0.0,0.0,0.0,0.0,0.696008,0.0,0.0,0.0,0.0
31_chrysler_crossfire_2007_side.jpg,0.0,0.0,0.0,0.0,0.0,0.0,0.0,0.0,0.0,0.767825,0.0,0.0,0.0,0.0,0.0,0.0,0.0,0.0,0.0,0.0,0.0,0.0,0.0,0.164973,0.0,0.0,0.0,0.229903,0.0,0.0,0.0,0.270902,0.0,0.0,0.479281,0.0
32_dodge_challenger_srt_hellcat_2015_front.jpg,0.113709,0.0752174,0.0,0.0,0.0,0.0,0.0,0.0,0.0,0.301613,0.0,0.0,0.0,0.0,0.0,0.0,0.0,0.0,0.0,0.0,0.0,0.0,0.0,0.0,0.0,0.0,0.0,0.0,0.0,0.162429,0.0,0.0,0.0,0.710521,0.517875,0.0
32_dodge_challenger_srt_hellcat_2015_rear.jpg,0.111158,0.0563266,0.0178201,0.0,0.0,0.0,0.0,0.0,0.0,0.0,0.0,0.0,0.0,0.0,0.808137,0.1463,0.0,0.0,0.0,0.0,0.0,0.0,0.556475,0.0,0.0,0.0,0.0,0.0,0.0,0.0,0.0,0.0,0.0,0.0,0.0,0.0
32_dodge_challenger_srt_hellcat_2015_side.jpg,0.140241,0.0727379,0.0487675,0.0352669,0.0,0.0,0.0,0.0,0.0,0.0,0.0,0.0,0.0,0.0,0.0,0.0,0.0,0.298253,0.0,0.0,0.0,0.0,0.0,0.0,0.0,0.0,0.0,0.0,0.790061,0.0,0.508201,0.0,0.0,0.0,0.0,0.0
33_ferrari_275_gtb4_1967_front.jpg,0.505086,0.0,0.0,0.0,0.0,0.0,0.0,0.0,0.0,0.0,0.186761,0.0,0.0,0.0,0.0,0.0,0.0,0.0,0.0,0.30048,0.0,0.0,0.0,0.0,0.0,0.0,0.0,0.0,0.0,0.604546,0.286265,0.0,0.0,0.0,0.0,0.0
33_ferrari_275_gtb4_1967_rear.jpg,0.254815,0.10861,0.0,0.284863,0.127371,0.0,0.0,0.0,0.0,0.0,0.0,0.0,0.0,0.747444,0.0,0.0,0.0,0.0,0.0,0.0,0.0,0.0,0.0,0.0,0.0,0.0,0.0,0.424472,0.0,0.295049,0.0,0.0,0.0,0.0,0.0,0.0
33_ferrari_275_gtb4_1967_side.jpg,0.0,0.0,0.0,0.172302,0.0,0.556256,0.0,0.0,0.0,0.0,0.0,0.0,0.0,0.0,0.0,0.730644,0.0,0.0,0.215825,0.0,0.0,0.0,0.0,0.0,0.0,0.0,0.110595,0.0,0.0,0.0,0.0,0.0,0.0,0.0,0.0,0.145771
34_ferrari_308gts_1979_front.jpg,0.26746,0.805637,0.00695502,0.0,0.0,0.0,0.0,0.0,0.0,0.0,0.234534,0.0,0.0,0.0,0.32715,0.0,0.0,0.0,0.0986908,0.0,0.0,0.0,0.0,0.0,0.0,0.0,0.0,0.0,0.0,0.0,0.0,0.0,0.0,0.0,0.0,0.0
34_ferrari_308gts_1979_rear.jpg,0.605602,0.0,0.0,0.263379,0.0,0.0,0.0,0.0,0.0,0.0,0.0,0.0,0.0,0.0,0.0,0.239829,0.0,0.0,0.0,0.0,0.0,0.0,0.0,0.0,0.115431,0.0,0.0335988,0.0,0.0,0.0,0.0,0.650023,0.0,0.0,0.0,0.0
34_ferrari_308gts_1979_side.jpg,0.0692568,0.053491,0.0443412,0.0,0.0,0.655406,0.0,0.0,0.0,0.0,0.0,0.678632,0.0,0.0,0.0,0.0,0.0,0.0,0.295045,0.0,0.0,0.0,0.0,0.0,0.0,0.0,0.0,0.0,0.0,0.0,0.0,0.0,0.0,0.0,0.0,0.115006
35_ferrari_360_spider_2001_front.jpg,0.0339759,0.0,0.0,0.0,0.0,0.0,0.0,0.0,0.0,0.0,0.0,0.0,0.0,0.0,0.0,0.0,0.399858,0.0,0.0,0.0,0.0,0.0,0.0,0.0,0.0,0.0,0.0,0.0,0.817686,0.0,0.0,0.0443951,0.0,0.251988,0.0,0.203402
35_ferrari_360_spider_2001_rear.jpg,0.0,0.0,0.0,0.128213,0.0,0.0,0.0,0.0,0.0,0.0,0.0,0.0,0.0,0.0,0.0,0.109942,0.0,0.0,0.0,0.0,0.0,0.0,0.175454,0.0,0.0,0.0,0.0,0.0,0.0,0.0,0.0,0.0,0.0,0.860558,0.414233,0.0
35_ferrari_360_spider_2001_side.jpg,0.117346,0.0,0.0,0.0,0.170382,0.0,0.224073,0.0,0.0,0.0,0.0,0.0,0.0,0.0,0.0,0.0,0.0,0.0,0.0,0.0,0.0,0.0,0.0,0.0,0.0,0.0,0.0,0.0,0.0,0.0,0.909795,0.0,0.0,0.0,0.0,0.0
36_ferrari_458_italia_2009_front.jpg,0.0763987,0.0266927,0.0202035,0.0,0.0,0.456252,0.0,0.0,0.0,0.772216,0.0,0.0,0.0,0.0,0.0,0.0,0.0,0.0,0.0,0.0,0.0,0.0,0.0,0.0,0.0,0.0,0.0,0.0,0.117675,0.0,0.0,0.0,0.417985,0.0,0.0,0.0
36_ferrari_458_italia_2009_rear.jpg,0.0620128,0.0333915,0.104884,0.0231869,0.000543443,0.0,0.0,0.0,0.0,0.0,0.0,0.0,0.0,0.0,0.0,0.461866,0.0,0.0,0.0,0.0,0.877599,0.0,0.0,0.0,0.0,0.0,0.0,0.0,0.0,0.0,0.0,0.0,0.0,0.0,0.0,0.0
36_ferrari_458_italia_2009_side.jpg,0.589201,0.0,0.0,0.0,0.0,0.0,0.28862,0.0,0.0,0.0,0.0,0.0,0.14457,0.0,0.0,0.0,0.0,0.0324156,0.0,0.634964,0.0,0.0,0.0,0.127582,0.0,0.0,0.357958,0.0,0.0,0.0,0.0,0.0,0.0,0.0,0.0,0.0
37_ferrari_550_barchetta_2001_front.jpg,0.107056,0.0,0.0,0.0,0.0,0.0,0.0,0.0,0.182312,0.0,0.0,0.0,0.0,0.0,0.0,0.0,0.0,0.0,0.0,0.0,0.0,0.0,0.0,0.84849,0.0,0.0,0.25922,0.0,0.0,0.0,0.0,0.0,0.0,0.0,0.0,0.0
37_ferrari_550_barchetta_2001_rear.jpg,0.0,0.243962,0.0,0.0,0.0,0.149263,0.0,0.209217,0.0,0.0,0.0,0.0,0.0,0.0,0.0,0.889441,0.0,0.0,0.0,0.0,0.0,0.0,0.0,0.0,0.108547,0.0,0.0,0.0,0.0,0.0,0.0,0.0,0.0,0.0,0.0,0.0
37_ferrari_550_barchetta_2001_side.jpg,0.170263,0.422027,0.0,0.0,0.776523,0.0,0.0,0.0,0.311623,0.0,0.0,0.0971168,0.0,0.0,0.0,0.0,0.0,0.0,0.0,0.0,0.0,0.0,0.0,0.0,0.0,0.0,0.0,0.0,0.0,0.0,0.0,0.0,0.0,0.0,0.288748,0.0
38_ferrari-enzo_2002_front.jpg,0.0645392,0.0,0.0,0.0,0.0,0.251703,0.0,0.0,0.0,0.0,0.0,0.0,0.0,0.0,0.724499,0.0,0.0,0.0,0.0,0.0,0.0,0.0,0.0,0.0,0.0,0.0,0.0,0.0,0.376079,0.0,0.0,0.0,0.0,0.401618,0.323803,0.0
38_ferrari-enzo_2002_rear.jpg,0.05486,0.0,0.596742,0.0,0.0,0.0,0.0,0.0,0.0,0.0,0.0,0.0,0.763648,0.106476,0.0,0.0,0.0,0.0,0.0,0.0,0.0,0.0,0.0,0.0,0.0,0.0,0.0,0.153901,0.0,0.0,0.0,0.0,0.0,0.0,0.0,0.0
38_ferrari-enzo_2002_side.jpg,0.0330293,0.0,0.0,0.0,0.0,0.391053,0.0,0.192539,0.0,0.0,0.0,0.0,0.0,0.0,0.316089,0.0,0.0,0.0,0.0,0.0,0.0,0.0,0.0,0.0,0.0,0.0,0.806343,0.0,0.0574913,0.0,0.0,0.235601,0.0,0.0,0.0,0.0
39_ferrari_f40_1990_front.jpg,0.0,0.0,0.0,0.882981,0.0,0.0,0.0,0.0,0.0,0.0,0.0,0.0,0.0,0.137455,0.0,0.0833397,0.0,0.321012,0.0,0.0,0.0,0.0,0.0,0.0,0.0,0.0,0.0,0.0,0.0,0.0340846,0.0,0.0,0.0,0.298552,0.0,0.0
39_ferrari_f40_1990_rear.jpg,0.114159,0.0721442,0.064277,0.0,0.0,0.0,0.0,0.0,0.0,0.170317,0.407088,0.0,0.0,0.0,0.0,0.0,0.0,0.0,0.0,0.0,0.0,0.0,0.0,0.0,0.0,0.0,0.737344,0.0,0.0,0.0,0.0,0.0,0.0,0.489108,0.0,0.0
39_ferrari_f40_1990_side.jpg,0.081434,0.0,0.279561,0.0,0.0,0.0,0.0,0.314945,0.0,0.0,0.0,0.0,0.0,0.191351,0.0,0.849725,0.0,0.0,0.0,0.0,0.0,0.0,0.0,0.0,0.0,0.0,0.0,0.0,0.0,0.0,0.0,0.0,0.0,0.0,0.239534,0.0
3_alfa_romeo_8c_2007_front.jpg,0.0346341,0.0335909,0.0,0.0,0.0,0.0,0.0640523,0.0,0.0,0.0,0.0,0.0,0.837791,0.0,0.0,0.273735,0.0,0.0,0.0,0.0,0.0,0.405178,0.0,0.0,0.0,0.0,0.0,0.0,0.0,0.0,0.0,0.0,0.0,0.0,0.229295,0.0
3_alfa_romeo_8c_2007_rear.jpg,0.0,0.0445602,0.000497879,0.0,0.0,0.0,0.0,0.0,0.0,0.0,0.0,0.0,0.0,0.0,0.0,0.267486,0.0,0.0,0.0,0.0,0.0,0.310801,0.0,0.0,0.0,0.0,0.0,0.379259,0.110405,0.820878,0.0,0.0,0.0,0.0,0.0,0.0
3_alfa_romeo_8c_2007_side.jpg,0.105177,0.0611424,0.0,0.502677,0.0,0.0,0.26986,0.0,0.0,0.0,0.0,0.0,0.0,0.725527,0.0,0.0,0.0,0.0,0.0,0.0,0.0,0.0,0.0,0.128979,0.0,0.0,0.0,0.0,0.0,0.0,0.0,0.0,0.341564,0.0,0.0,0.0
40_ferrari_f50_1995_front.jpg,0.096661,0.0750037,0.0339907,0.0,0.0,0.0,0.0,0.0,0.0,0.0,0.366344,0.0,0.0,0.0,0.0,0.0,0.0,0.0,0.0,0.0,0.0,0.0,0.0,0.325331,0.0,0.0,0.0,0.0,0.0,0.0,0.0,0.862454,0.0,0.0,0.0,0.0
40_ferrari_f50_1995_rear.jpg,0.181873,0.0,0.0,0.0,0.0,0.0,0.0,0.0,0.0,0.0,0.236519,0.103287,0.0,0.257414,0.0696192,0.0,0.0,0.0,0.0,0.0,0.0,0.0,0.0,0.0,0.0,0.598404,0.0,0.0,0.0,0.0,0.0,0.0,0.0,0.0,0.68638,0.0
40_ferrari_f50_1995_side.jpg,0.0895494,0.0,0.0,0.233912,0.0,0.0,0.0,0.0,0.0,0.0,0.0,0.0,0.191663,0.899682,0.0,0.0,0.0,0.0,0.0,0.0,0.0,0.0,0.213403,0.0,0.0,0.0,0.0,0.0,0.0,0.0,0.0,0.0,0.0,0.0,0.0,0.0
41_ferrari_f355_19995_side.jpg,0.0,0.0,0.143643,0.0,0.0,0.0,0.0,0.0,0.0,0.0,0.445238,0.0,0.0,0.0,0.0,0.0,0.0,0.758998,0.0,0.0,0.0,0.0,0.0,0.0,0.0,0.0,0.378873,0.114127,0.0,0.0,0.0,0.0,0.0,0.0,0.188184,0.0
41_ferrari_f355_1999_front.jpg,0.0,0.0,0.0,0.0,0.0,0.0,0.0,0.0,0.0,0.0,0.0,0.0,0.352058,0.0,0.0,0.0,0.0,0.0,0.0,0.0,0.0,0.597831,0.0,0.450511,0.0,0.0253701,0.0,0.0,0.0,0.0,0.0,0.437154,0.0,0.0,0.0,0.0
41_ferrari_f355_1999_rear.jpg,0.0585678,0.696666,0.0517888,0.0506852,0.0,0.0,0.0,0.0,0.0,0.0,0.0,0.0,0.0,0.0,0.519543,0.0,0.0,0.0,0.0,0.0,0.0,0.0,0.0,0.302614,0.0,0.0,0.0,0.0,0.0,0.0,0.3801,0.0,0.0,0.0,0.0,0.0
42_ferrari_f430_2005_front.jpg,0.817224,0.0972436,0.0438997,0.0172603,0.0,0.0,0.0,0.0,0.0,0.0,0.0,0.0,0.356734,0.0,0.0,0.0,0.0,0.0,0.407016,0.0,0.165959,0.0,0.0,0.0,0.0,0.0,0.0,0.0,0.0,0.0,0.0,0.0,0.0,0.0,0.0,0.0
42_ferrari_f430_2005_rear.jpg,0.0742944,0.0,0.0684875,0.0,0.0,0.0,0.754729,0.150211,0.0,0.0,0.0,0.0,0.0,0.0,0.0,0.269851,0.0,0.0,0.0,0.0,0.0,0.0,0.0,0.0,0.0,0.0,0.0,0.0,0.0,0.0,0.0,0.0,0.0,0.501957,0.0,0.0
42_ferrari_f430_2005_side.jpg,0.067222,0.0537257,0.0,0.0,0.0,0.0,0.0,0.0,0.0,0.0,0.0,0.0,0.0,0.187521,0.0,0.0,0.0,0.0,0.0,0.0,0.0,0.0,0.0,0.0,0.0,0.0,0.460172,0.0,0.0,0.0813672,0.804458,0.303148,0.0,0.0,0.0,0.0
43_ferrari_laferrari_2015_front.jpg,0.0378088,0.0133443,0.298224,0.0114235,0.0,0.164276,0.0,0.0,0.0,0.0,0.0,0.0,0.0,0.0,0.0,0.0,0.0,0.0,0.0,0.0,0.0,0.0,0.0,0.0,0.0,0.0,0.0,0.526492,0.0,0.0,0.0,0.0,0.0,0.0,0.77791,0.0
43_ferrari_laferrari_2015_rear.jpg,0.000994381,0.0,0.0,0.317207,0.0,0.0,0.0,0.0,0.0,0.0,0.0,0.739198,0.489235,0.0,0.0,0.0,0.0,0.0,0.0,0.016283,0.0,0.0,0.321806,0.0,0.0,0.0,0.0,0.0,0.0,0.0,0.0,0.0,0.0,0.0,0.0989409,0.0
43_ferrari_laferrari_2015_side.jpg,0.0,0.714395,0.047199,0.0,0.0,0.0,0.0,0.0,0.0,0.0,0.0,0.0,0.0,0.506661,0.0,0.229877,0.0,0.0,0.409058,0.0,0.0,0.0,0.0,0.0,0.0,0.0,0.0,0.0,0.0,0.0,0.0,0.0,0.0,0.0,0.0,0.0724009
44_ferrari_testarossa_1986_front.jpg,0.281849,0.0,0.0,0.0,0.389971,0.0,0.0,0.0,0.0,0.0,0.424793,0.0,0.0,0.0,0.0,0.320326,0.0,0.0,0.0,0.242217,0.0,0.0,0.0,0.461924,0.0,0.0,0.0,0.0,0.0,0.0,0.0,0.0,0.0,0.0,0.0,0.0
44_ferrari_testarossa_1986_rear.jpg,0.0,0.171104,0.310659,0.0,0.0,0.382184,0.130323,0.0,0.0,0.0,0.0,0.0,0.0,0.709693,0.0,0.0,0.0,0.0,0.0,0.0,0.0,0.0,0.0,0.0,0.0,0.0,0.0,0.0,0.0,0.0,0.0,0.0,0.422159,0.0,0.0,0.0
44_ferrari_testarossa_1986_side.jpg,0.0,0.0,0.0,0.0,0.0,0.0,0.0,0.0,0.0,0.0,0.305648,0.0,0.192684,0.0,0.0,0.0,0.250014,0.576016,0.0,0.443716,0.0,0.0,0.51699,0.0,0.0,0.0,0.104823,0.0,0.0,0.0,0.0,0.0,0.0,0.0,0.0,0.0
45_fiat_500_2014_front.jpg,0.0,0.0,0.0,0.300089,0.0,0.0,0.0,0.0,0.0,0.0,0.0,0.0,0.0,0.0,0.0,0.351212,0.0,0.0,0.0,0.0,0.0,0.106189,0.0,0.0,0.0,0.0,0.0,0.0,0.0,0.697928,0.0,0.0,0.0,0.0,0.536858,0.0
45_fiat_500_2014_rear.jpg,0.607542,0.0,0.0,0.0,0.0,0.0,0.0,0.0,0.315009,0.0,0.0,0.0,0.0,0.47975,0.0,0.0,0.0,0.0,0.0,0.520465,0.0,0.174979,0.0,0.0,0.0,0.0,0.0,0.0,0.0,0.0,0.0,0.0,0.0,0.0,0.0,0.0
45_fiat_500_2014_side.jpg,0.0,0.0,0.96876,0.0,0.0,0.0,0.0,0.0,0.0,0.0,0.0,0.0784243,0.0,0.0,0.0,0.122682,0.0,0.0,0.0,0.0,0.0,0.0,0.0,0.0,0.0,0.0,0.0,0.0,0.0,0.100793,0.0,0.0,0.0,0.0,0.0,0.0
46_fisker_karma_2012_front.jpg,0.0,0.233039,0.0,0.0,0.0,0.0,0.0,0.0,0.0,0.0,0.0,0.447855,0.0,0.589777,0.0,0.0,0.0,0.0,0.0,0.0,0.0,0.0,0.0,0.0,0.0,0.0,0.0,0.0,0.0,0.0,0.0,0.0,0.312905,0.0,0.366678,0.258856
46_fisker_karma_2012_rear.jpg,0.26265,0.0,0.0,0.845704,0.0,0.0,0.220738,0.0,0.0,0.0,0.0,0.0,0.0,0.0,0.0,0.0,0.0,0.0,0.0,0.0,0.0,0.0,0.0,0.0,0.0,0.306704,0.0,0.0,0.0,0.0613921,0.0,0.0,0.0,0.0,0.0,0.0
46_fisker_karma_2012_side.jpg,0.0,0.0,0.0,0.0,0.378249,0.278549,0.0,0.0,0.0,0.0,0.118863,0.0,0.0,0.0,0.0,0.0,0.868835,0.0,0.0,0.0967841,0.0,0.0,0.0,0.0,0.0,0.0311042,0.0,0.0,0.0,0.0,0.0,0.0,0.0,0.0,0.0,0.0
47_ford-f-150_raptor_2017_front.jpg,0.0376632,0.0,0.613656,0.0,0.0,0.0,0.0,0.0,0.0,0.0,0.0,0.11634,0.0,0.0,0.0,0.0,0.0,0.643749,0.0,0.0,0.267117,0.0,0.0,0.226227,0.0,0.0,0.0,0.0,0.0,0.0,0.0,0.0,0.0,0.0,0.0,0.0
47_ford-f-150_raptor_2017_rear.jpg,0.0,0.0,0.0,0.537946,0.0,0.318697,0.0,0.237373,0.0,0.0,0.0,0.0,0.0,0.0,0.0,0.0,0.0,0.0,0.0,0.0,0.0,0.0,0.0,0.0,0.0,0.0,0.356959,0.0,0.0,0.0,0.0,0.0,0.0920357,0.0,0.0,0.0
47_ford-f-150_raptor_2017_side.jpg,0.0627134,0.0179672,0.0,0.658949,0.0,0.0,0.0,0.0,0.0,0.0,0.0,0.0,0.0,0.0,0.0,0.0,0.0,0.0,0.188598,0.0,0.0,0.0,0.0,0.0,0.0,0.0,0.0,0.0,0.0,0.0,0.0,0.0,0.124969,0.0,0.0,0.275916
48_ford_gt_2017_front.jpg,0.0,0.0,0.0,0.0,0.0,0.0,0.0,0.0,0.106668,0.0,0.0,0.0,0.0,0.0,0.0,0.0,0.0,0.0,0.78945,0.0,0.0,0.0,0.175769,0.0,0.270365,0.0,0.0,0.0,0.164477,0.0,0.0,0.0,0.0,0.0,0.0,0.455292
48_ford_gt_2017_rear.jpg,0.0,0.0,0.0,0.0,0.0,0.157439,0.0,0.0,0.0,0.0,0.295622,0.0,0.0,0.0,0.0,0.396451,0.206739,0.0,0.0,0.0,0.0,0.0,0.616473,0.0,0.0453774,0.0,0.0,0.0,0.0,0.0,0.0,0.0,0.0,0.552999,0.0,0.0
48_ford_gt_2017_side.jpg,0.0,0.0,0.0,0.508801,0.0,0.0,0.0,0.0,0.0,0.560839,0.0,0.0,0.350784,0.0,0.0,0.0,0.0,0.0,0.0,0.0848866,0.0,0.114796,0.0,0.0,0.261057,0.0,0.0,0.0,0.0,0.0,0.0,0.0,0.0,0.463678,0.0,0.0
49_ford_gt90_1995_front.jpg,0.170728,0.0514161,0.0,0.0,0.0,0.0,0.0,0.0,0.0,0.0,0.912961,0.0,0.0,0.0,0.0,0.0,0.0,0.0,0.0,0.0,0.0,0.0,0.0,0.0,0.0,0.0,0.0,0.0,0.0,0.0,0.0,0.259435,0.0,0.0,0.0,0.0
49_ford_gt90_1995_rear.jpg,0.143878,0.0996037,0.0371598,0.0,0.0,0.0,0.0,0.0,0.0,0.0,0.0,0.0,0.0,0.655578,0.0,0.0,0.0,0.0,0.0,0.584031,0.0,0.0,0.0,0.443984,0.0,0.0,0.0,0.0,0.0,0.0,0.0,0.0,0.0,0.0,0.0,0.0
49_ford_gt90_1995_side.jpg,0.346468,0.0,0.0,0.0,0.0,0.0,0.0,0.0,0.0,0.211795,0.0,0.0,0.0,0.0,0.0,0.0,0.0,0.0,0.0,0.111308,0.0,0.0,0.0,0.0,0.0,0.0,0.0,0.0,0.859972,0.0,0.0,0.0,0.0,0.0,0.0,0.288376
4_alfa_romeo_156gta_2004_front.jpg,0.0,0.229357,0.0,0.0,0.0,0.0,0.0724019,0.0,0.0,0.0,0.0,0.0,0.0,0.0,0.0,0.0,0.0,0.0,0.0,0.0,0.0,0.0,0.155183,0.760347,0.0,0.0,0.0,0.0,0.0,0.0,0.0,0.0,0.0,0.0,0.562001,0.0
4_alfa_romeo_156gta_2004_rear.jpg,0.0159438,0.0,0.0,0.924537,0.0,0.0,0.108661,0.0,0.295722,0.0,0.0,0.0,0.0,0.0,0.0,0.0,0.0,0.0966782,0.0,0.0,0.0,0.0,0.0,0.0,0.0,0.0,0.0,0.0,0.0,0.0,0.0,0.190716,0.0,0.0,0.0,0.0
4_alfa_romeo_156gta_2004_side.jpg,0.939719,0.128864,0.0907746,0.0214078,0.0,0.0,0.0,0.0,0.0,0.0,0.0,0.0,0.0,0.0,0.0,0.0,0.270517,0.0,0.0,0.135814,0.0,0.0,0.0,0.0,0.0,0.0,0.0,0.0,0.0,0.0,0.0,0.0,0.0,0.0,0.0,0.0
50_ford_mustang_gt_2015_front.jpg,0.0713159,0.0531041,0.0,0.160679,0.0,0.0,0.0,0.0,0.0,0.0,0.0,0.210201,0.0,0.0,0.0,0.0,0.0,0.0,0.829402,0.0,0.0,0.0,0.0,0.0,0.0,0.0,0.483925,0.0,0.0,0.0,0.0,0.0,0.0,0.0,0.0,0.0
50_ford_mustang_gt_2015_rear.jpg,0.429096,0.112675,0.0805829,0.0530177,0.00196176,0.0,0.0,0.0,0.0,0.838575,0.0,0.0,0.0,0.0,0.0,0.0,0.0,0.0,0.0,0.0,0.301104,0.0,0.0,0.0,0.0,0.0,0.0,0.0,0.0,0.0,0.0,0.0,0.0,0.0,0.0,0.0
50_ford_mustang_gt_2015_side.jpg,0.0176555,0.00177987,0.0,0.0,0.0,0.0,0.0,0.0,0.0,0.0,0.39955,0.0,0.379337,0.0,0.0,0.0,0.0,0.0,0.0,0.134615,0.0,0.0,0.0,0.823424,0.0,0.0,0.0,0.0,0.0,0.0,0.0,0.0,0.0,0.0,0.0,0.0
51_gumpert-apollo_2008_front.jpg,0.22059,0.0,0.491945,0.0,0.0,0.0,0.0,0.0,0.0,0.0,0.0,0.0,0.0,0.0,0.0,0.0,0.0,0.0,0.0,0.0,0.0,0.679913,0.0,0.0,0.0,0.0,0.298342,0.0,0.377596,0.0,0.0923092,0.0,0.0,0.0,0.0833084,0.0
51_gumpert-apollo_2008_rear.jpg,0.100593,0.0,0.0,0.0,0.69562,0.0,0.0,0.0,0.0,0.0,0.0,0.0,0.0,0.0,0.0,0.30953,0.30293,0.0,0.0,0.153589,0.0,0.271486,0.0,0.0,0.0,0.0,0.0,0.0,0.0,0.0,0.0,0.0,0.0,0.0,0.0,0.470239
51_gumpert-apollo_2008_side.jpg,0.152336,0.0869344,0.0,0.0,0.0,0.0,0.0,0.0,0.187702,0.0,0.0,0.0,0.0,0.0,0.0,0.0,0.0,0.0,0.0,0.299692,0.0,0.0,0.0,0.0,0.0,0.0,0.0,0.0,0.0,0.0,0.219283,0.0,0.0,0.0,0.0,0.892247
52_hennessey_venom_gt_2011_front.jpg,0.0851649,0.0745677,0.0333937,0.0219692,0.0,0.0,0.0,0.0,0.0,0.0,0.0,0.0,0.830182,0.0,0.0,0.0,0.0,0.0,0.0,0.0,0.0,0.0,0.544414,0.0,0.0,0.0,0.0,0.0,0.0,0.0,0.0,0.0,0.0,0.0,0.0,0.0
52_hennessey_venom_gt_2011_rear.jpg,0.195497,0.153928,0.1327,0.117395,0.0960235,0.0509626,0.0,0.0,0.0,0.0,0.0,0.0,0.0,0.0,0.0,0.0,0.0,0.0,0.0,0.0,0.0,0.0,0.0,0.0,0.0,0.0,0.0,0.0,0.94598,0.0,0.0,0.0,0.0,0.0,0.0,0.0
52_hennessey_venom_gt_2011_side.jpg,0.0121815,0.0,0.0,0.0,0.0,0.248542,0.0,0.0,0.0,0.0,0.0,0.0,0.573537,0.539816,0.0,0.0,0.0,0.0,0.0,0.0,0.0,0.0,0.0,0.0,0.0,0.0,0.0,0.140416,0.386,0.0,0.0,0.0,0.0,0.0,0.0,0.0
53_hummer_h3t_alpha_2009_front.jpg,0.0,0.0,0.0,0.0,0.0,0.0,0.0,0.0,0.441444,0.123242,0.0,0.0,0.0,0.0,0.0,0.0,0.0,0.258601,0.0,0.0,0.0,0.0,0.0,0.0851334,0.240462,0.0,0.0,0.0,0.0,0.592504,0.0,0.0,0.554015,0.0,0.0,0.0
53_hummer_h3t_alpha_2009_rear.jpg,0.0,0.131608,0.0,0.0,0.0,0.0,0.0,0.0,0.0,0.0,0.0,0.0,0.0,0.0,0.0,0.0,0.0,0.0,0.0,0.0,0.0,0.38087,0.0,0.0,0.0,0.0,0.0,0.696447,0.0,0.0,0.235115,0.0,0.0,0.0,0.0,0.545252
53_hummer_h3t_alpha_2009_side.jpg,0.12972,0.0553456,0.032604,0.00371291,0.0,0.0,0.0,0.0,0.0,0.0,0.259788,0.0,0.0,0.0,0.0,0.0,0.0,0.0,0.0,0.0,0.0,0.0,0.0,0.0,0.0,0.0,0.0,0.461794,0.0,0.0,0.0,0.0,0.835637,0.0,0.0,0.0
54_infiniti_q60_front.jpg,0.0,0.103662,0.0,0.0,0.0,0.0,0.0,0.422112,0.0,0.0,0.0,0.0,0.0,0.0,0.684581,0.0,0.0,0.0,0.16799,0.0,0.0,0.0,0.0,0.0,0.0,0.522975,0.164307,0.0,0.0,0.0,0.117068,0.0,0.0,0.0,0.0,0.0
54_infiniti_q60_rear.jpg,0.0196198,0.00683324,0.0,0.0,0.0,0.0,0.726413,0.0,0.0,0.0,0.11743,0.0,0.0,0.0,0.0,0.0,0.0,0.474463,0.0,0.0,0.0,0.0,0.0,0.0,0.0,0.0,0.26992,0.0,0.0,0.0,0.0,0.0,0.0,0.0,0.0,0.400164
54_infiniti_q60_side.jpg,0.0597251,0.0225229,0.0,0.0,0.0,0.0,0.0,0.0,0.0,0.0,0.0,0.0,0.0,0.0,0.100266,0.0,0.0,0.0,0.681673,0.0,0.0,0.0,0.562128,0.0,0.0,0.0,0.0,0.327512,0.0,0.0,0.312958,0.0,0.0,0.0,0.0,0.0
55_italdesign_nazca_c2_1991_front.jpg,0.0,0.25907,0.0,0.779722,0.0,0.0,0.0,0.0,0.0,0.0,0.0,0.295992,0.0,0.0,0.104019,0.0,0.0,0.0,0.0,0.135494,0.0,0.0,0.435624,0.0,0.0,0.0,0.0,0.0,0.0,0.0,0.0,0.0,0.0,0.0,0.0,0.0
55_italdesign_nazca_c2_1991_side.jpg,0.0,0.0,0.0,0.0,0.0,0.0,0.0,0.3355,0.270775,0.0,0.0,0.0,0.0,0.0,0.0,0.0,0.0,0.0,0.47535,0.0,0.0,0.486192,0.0,0.0,0.0,0.0,0.405971,0.0,0.0,0.0,0.0,0.0,0.0,0.0,0.0,0.0
55_italdesign_nazca_c2__1991_rear.jpg,0.0,0.0,0.0,0.0,0.0,0.0,0.0,0.0,0.0,0.0,0.0,0.595196,0.0,0.0,0.0,0.0,0.0,0.0,0.0,0.0,0.0,0.407066,0.0,0.395325,0.25928,0.0,0.0,0.0,0.0,0.0,0.0,0.0,0.0,0.0,0.0,0.316622
56_jaguar_c_x75_2012_front.jpg,0.0279253,0.0,0.0,0.0,0.0,0.0,0.0,0.0,0.0,0.0968548,0.0,0.0,0.634034,0.0,0.578183,0.0,0.0,0.0,0.0,0.0,0.0,0.0,0.0,0.0,0.0,0.0,0.0,0.0,0.0,0.427599,0.0673978,0.257219,0.0,0.0,0.0,0.0
56_jaguar_c_x75_2012_rear.jpg,0.0,0.0,0.0345865,0.0,0.0,0.0,0.0,0.0,0.0,0.312514,0.0,0.0,0.0,0.0,0.0,0.0,0.0,0.0,0.676393,0.0,0.0,0.0,0.0,0.0,0.0,0.0,0.0,0.0,0.0,0.0,0.0,0.0,0.0474535,0.199593,0.0,0.633674
56_jaguar_c_x75_2012_side.jpg,0.0276988,0.00668592,0.0,0.0,0.0,0.0,0.0,0.526004,0.0,0.0,0.0,0.0,0.0,0.0,0.0,0.0,0.23428,0.0,0.0,0.0,0.0,0.0,0.121984,0.0,0.0,0.0,0.0,0.0,0.0,0.0,0.0,0.695745,0.0,0.0,0.410706,0.0
57_jaguar_s_type_r_2003_front.jpg,0.0949394,0.0650165,0.0,0.0,0.677799,0.0,0.0,0.0,0.0,0.0,0.0,0.0,0.260575,0.0,0.0,0.0,0.0,0.0,0.0,0.0,0.0,0.0,0.0,0.0,0.0,0.0,0.0,0.0,0.0,0.0,0.0,0.0,0.0,0.0,0.0,0.0
57_jaguar_s_type_r_2003_rear.jpg,0.038458,0.0364311,0.0358977,0.0,0.0,0.0,0.0,0.0,0.0,0.0,0.0,0.0,0.0,0.0,0.0,0.0,0.0,0.0,0.0,0.0,0.0,0.182155,0.0,0.0,0.0,0.0,0.0,0.0,0.0,0.0,0.0,0.0,0.981185,0.0,0.0,0.0
57_jaguar_s_type_r_2003_side.jpg,0.908436,0.0574404,0.0546964,0.0234152,0.0,0.0,0.0,0.0,0.0,0.0,0.0,0.0,0.0,0.0,0.0,0.0,0.259396,0.0,0.0,0.0,0.0,0.317203,0.0,0.0,0.0,0.0,0.0,0.0,0.0,0.0,0.0,0.0,0.0,0.0,0.0,0.0
58_jaguar_xfr_s_2014_front.jpg,0.0,0.0,0.0,0.635771,0.0,0.0,0.0,0.0,0.0594083,0.0,0.0,0.0,0.0,0.0,0.0,0.263959,0.171596,0.0,0.0,0.0,0.289201,0.0,0.0,0.0,0.0,0.338984,0.54277,0.0,0.0,0.0,0.0,0.0,0.0,0.0,0.0,0.0
58_jaguar_xfr_s_2014_rear.jpg,0.145354,0.142067,0.076401,0.414263,0.0,0.80629,0.362124,0.0,0.0,0.0,0.0,0.0,0.0,0.0,0.0,0.0,0.0,0.0,0.0,0.0,0.0,0.0,0.0,0.0,0.0,0.0,0.0,0.0,0.0,0.0,0.0,0.0,0.0,0.0,0.0,0.0
58_jaguar_xfr_s_2014_side.jpg,0.0,0.0,0.0,0.0,0.0,0.17534,0.0,0.0,0.0,0.0771452,0.0,0.0,0.289959,0.0,0.0,0.0,0.871035,0.0,0.0,0.0,0.0,0.0,0.0,0.0,0.0545915,0.0,0.0,0.0,0.0,0.0,0.0,0.0,0.0,0.0,0.0,0.242423
59_jaguar_xj220_1992_front.jpg,0.0,0.00161437,0.0,0.0,0.0,0.0,0.0,0.137914,0.0,0.0,0.0,0.0,0.0,0.0,0.0,0.0854849,0.751452,0.0,0.0,0.0,0.0,0.0,0.0,0.0,0.0,0.0,0.0,0.0,0.0,0.0,0.0,0.0,0.0,0.0,0.0,0.639522
59_jaguar_xj220_1992_rear.jpg,0.0,0.041325,0.0328181,0.0,0.0,0.0,0.0,0.0,0.0,0.0,0.0,0.0,0.0,0.0,0.0,0.0,0.0,0.0,0.0,0.0,0.0,0.0,0.0,0.0,0.0,0.0,0.0,0.998607,0.0,0.0,0.0,0.0,0.0,0.0,0.0,0.0
59_jaguar_xj220_1992_side.jpg,0.0421415,0.0279778,0.0,0.0,0.0,0.0,0.0,0.45254,0.0,0.0,0.0,0.0,0.0,0.0,0.59138,0.0,0.0,0.0,0.0,0.0,0.0,0.0,0.665521,0.0,0.0,0.0,0.0,0.0,0.0,0.0,0.0,0.0,0.0,0.0,0.0,0.0
5_alfa_romeo_gt_2003_front.jpg,0.0,0.0,0.0,0.0,0.0,0.0,0.0,0.0,0.0,0.0,0.0,0.0,0.0,0.0,0.0,0.556904,0.144671,0.709193,0.0,0.211205,0.0,0.0,0.0,0.0,0.0,0.0,0.0,0.348377,0.0,0.0,0.0,0.0,0.0,0.0,0.0,0.0
5_alfa_romeo_gt_2003_rear.jpg,0.0,0.0371597,0.0,0.0,0.0,0.0,0.0,0.418147,0.0,0.0,0.0,0.0,0.0,0.0,0.180164,0.0,0.0,0.0,0.0,0.0,0.0,0.0,0.514199,0.0,0.0,0.0,0.0,0.0,0.0,0.0,0.0,0.0,0.0,0.0,0.0,0.725888
5_alfa_romeo_gt_2003_side.jpg,0.394209,0.0,0.0,0.0,0.0,0.0,0.0,0.0,0.0,0.0,0.0,0.0,0.0,0.0,0.0,0.0,0.0,0.0,0.0,0.0,0.0,0.259066,0.844133,0.130171,0.0,0.0,0.217121,0.0,0.0,0.028941,0.0,0.0,0.0,0.0,0.0,0.0
60_jaguar_xjr_2014_front.jpg,0.0,0.424624,0.0,0.0,0.374871,0.0,0.270807,0.0,0.0,0.0,0.0,0.0,0.0,0.0,0.0,0.0,0.0,0.0,0.105024,0.0,0.0,0.0,0.0,0.0,0.0,0.0,0.0,0.395324,0.0,0.0,0.0,0.508085,0.0,0.0,0.0,0.0
60_jaguar_xjr_2014_rear.jpg,0.0,0.0,0.0,0.0,0.135956,0.0,0.0979141,0.0,0.333067,0.0,0.0,0.0,0.0,0.0,0.0,0.0,0.0,0.0,0.0,0.0,0.0,0.0,0.0,0.0,0.0,0.0,0.0,0.253543,0.0,0.871539,0.0,0.0,0.0,0.0,0.0,0.0
60_jaguar_xjr_2014_side.jpg,0.0,0.0,0.317208,0.162504,0.0,0.0,0.0,0.0,0.0,0.0,0.248204,0.0,0.219336,0.0,0.0,0.0,0.0,0.0,0.0,0.0,0.0,0.0,0.0,0.0,0.0,0.0,0.0,0.0,0.0,0.829858,0.0,0.0,0.0,0.0,0.0,0.0
61_jaguar_xkr_2001_front.jpg,0.0512061,0.0,0.0,0.0,0.0,0.0,0.824269,0.0,0.17655,0.380409,0.0,0.0,0.0,0.0,0.0,0.0,0.0,0.0,0.0,0.0,0.327125,0.0,0.0,0.0,0.0,0.0,0.0,0.0,0.0,0.0,0.0,0.0,0.0,0.0,0.0,0.062041
61_jaguar_xkr_2001_rear.jpg,0.0110457,0.0,0.0,0.0,0.0,0.0,0.0,0.0,0.0,0.0,0.319148,0.0,0.0,0.0,0.0,0.0,0.0,0.0,0.0,0.669406,0.0,0.0,0.0,0.0,0.0,0.0,0.0,0.0,0.0420258,0.0,0.0,0.0,0.0,0.0,0.0,0.0
61_jaguar_xkr_2001_side.jpg,0.0767641,0.00598868,0.0,0.0,0.0,0.0,0.0,0.0,0.0,0.0,0.0,0.0,0.321574,0.0,0.0,0.0,0.0,0.121407,0.0,0.0,0.0,0.0,0.0,0.0,0.0,0.0,0.0,0.0,0.0,0.0,0.0,0.0,0.0,0.0,0.860374,0.179116
62_koenigsegg_agera_r_2012_front.jpg,0.0642736,0.0623181,0.247657,0.0,0.596316,0.0,0.0,0.0,0.0,0.0,0.0,0.0,0.568175,0.0,0.0,0.0,0.0,0.0,0.0,0.0,0.0,0.0,0.0,0.0,0.0,0.0,0.0,0.0,0.0,0.0,0.0,0.0,0.454761,0.21314,0.0,0.0
62_koenigsegg_agera_r_2012_rear.jpg,0.0491469,0.0291641,0.000308615,0.0,0.0,0.0,0.0,0.0,0.0,0.0,0.734118,0.219734,0.0,0.0,0.0,0.0,0.0,0.0,0.0,0.592309,0.0,0.0,0.0,0.0,0.0,0.0,0.242263,0.0,0.0,0.0,0.0,0.0,0.0,0.0,0.0,0.0
62_koenigsegg_agera_r_2012_side.jpg,0.0292329,0.0,0.0,0.0,0.806171,0.0,0.0,0.0,0.0,0.0,0.0,0.0,0.0,0.0,0.0,0.0,0.113912,0.418594,0.0,0.294525,0.272566,0.0,0.0,0.0,0.0,0.0,0.0,0.0,0.0,0.0,0.0,0.0,0.0,0.0,0.0,0.0
63_koenigsegg_cc8s_2002_front.jpg,0.055483,0.0,0.0,0.711078,0.0,0.0,0.0,0.0,0.0,0.0,0.52778,0.0,0.0,0.0,0.0,0.0,0.0,0.0,0.0,0.0,0.0,0.362713,0.0,0.264054,0.0,0.0,0.107017,0.0,0.0,0.0,0.0,0.0,0.0,0.0,0.0,0.0
63_koenigsegg_cc8s_2002_rear.jpg,0.0141502,0.0,0.07474,0.0,0.0,0.0,0.0,0.0,0.0,0.520546,0.0,0.0,0.0,0.0,0.0,0.0,0.0,0.0,0.0,0.0,0.0,0.0,0.620124,0.0,0.0,0.0,0.0,0.0,0.121406,0.0,0.0,0.569168,0.0,0.0,0.0,0.0
63_koenigsegg_cc8s_2002_side.jpg,0.0,0.0,0.0,0.0,0.0,0.0,0.0718347,0.0,0.0,0.0,0.0,0.0,0.0,0.0,0.487927,0.0,0.0,0.0,0.415407,0.0,0.0,0.0,0.630397,0.0,0.0,0.0,0.0,0.0,0.0,0.0,0.0,0.0,0.0,0.0,0.432208,0.0
64_koenigsegg_ccr_2004_front.jpg,0.0,0.0,0.649873,0.0,0.0,0.0,0.103712,0.0,0.0,0.0,0.0,0.0,0.0,0.318807,0.0,0.0,0.0,0.0,0.0,0.0,0.0,0.0,0.0,0.0,0.0,0.0,0.0604102,0.0,0.0,0.0882783,0.67095,0.0,0.0,0.0,0.0,0.0
64_koenigsegg_ccr_2004_rear.jpg,0.0,0.0,0.0,0.0,0.0,0.0,0.0,0.0,0.0,0.0,0.0,0.0,0.0,0.300736,0.0,0.0,0.0,0.0,0.0,0.0,0.0,0.413149,0.0,0.0,0.0,0.598045,0.0,0.0,0.0,0.0,0.286107,0.0,0.0,0.0,0.386858,0.0
64_koenigsegg_ccr_2004_side.jpg,0.0314879,0.535294,0.0,0.0,0.0,0.0,0.0,0.0,0.0,0.186382,0.0,0.0,0.0,0.0,0.0,0.0,0.0,0.0,0.0,0.0,0.0,0.0,0.0,0.0,0.0,0.0,0.0,0.0,0.784369,0.0,0.151594,0.0,0.0690094,0.0,0.0,0.0
65_koenigsegg_ccx_2011_front.jpg,0.0016294,0.0,0.0,0.531134,0.0,0.0,0.0,0.518963,0.0,0.0,0.0,0.0,0.0,0.0,0.0,0.0,0.0,0.0,0.0,0.0,0.0,0.0,0.152966,0.0,0.0,0.0,0.0,0.0,0.0,0.0,0.0,0.410682,0.0,0.0,0.0,0.506471
65_koenigsegg_ccx_2011_rear.jpg,0.189149,0.170454,0.138562,0.0,0.0657071,0.0,0.0,0.0,0.815743,0.0,0.0,0.0,0.496201,0.0,0.0,0.0,0.0,0.0,0.0,0.0,0.0,0.0,0.0,0.0,0.0,0.0,0.0,0.0,0.0,0.0,0.0,0.0,0.0,0.0,0.0,0.0
65_koenigsegg_ccx_2011_side.jpg,0.0,0.127897,0.0,0.0,0.0,0.0,0.0,0.0,0.0,0.0,0.0,0.0,0.369706,0.0,0.0,0.0,0.0,0.0,0.165747,0.0,0.0,0.0,0.0,0.0,0.0,0.0,0.0,0.0,0.0,0.0,0.0,0.0,0.210575,0.333881,0.0,0.814659
66_koenigsegg_regera_2016_front.jpg,0.0,0.0,0.0,0.0,0.0,0.0,0.0,0.0,0.0,0.0,0.0,0.0,0.0,0.0,0.0,0.606583,0.0,0.330916,0.0,0.304964,0.0,0.0,0.0,0.0,0.0,0.0,0.0,0.0,0.0,0.0,0.170256,0.0,0.632899,0.0,0.0,0.0
66_koenigsegg_regera_2016_rear.jpg,0.0455807,0.0873916,0.0331288,0.0,0.208826,0.0,0.0,0.0,0.0,0.0,0.0,0.0,0.0,0.0,0.0,0.852553,0.0,0.0,0.0,0.0,0.0,0.467688,0.0,0.0,0.0,0.0,0.0,0.0,0.0,0.0,0.0,0.0,0.0,0.0,0.0,0.0
66_koenigsegg_regera_2016_side.jpg,0.697974,0.462308,0.0,0.0,0.0,0.0,0.0,0.0588074,0.378027,0.0,0.0,0.0,0.0,0.17977,0.0,0.0,0.0,0.0,0.0,0.347022,0.0,0.0,0.0,0.0,0.0,0.0,0.0,0.0,0.0,0.0,0.0,0.0,0.0,0.0,0.0,0.0
67_lamborghini_aventador_lp700_4_2012_front.jpg,0.8139,0.0252196,0.0219403,0.0,0.0,0.0,0.0,0.0,0.0,0.0,0.0,0.50328,0.0,0.0,0.0,0.0,0.0,0.0,0.0,0.0,0.0,0.0,0.0,0.0,0.284912,0.0445443,0.0,0.0,0.0,0.0,0.0,0.0,0.0,0.0,0.0,0.0
67_lamborghini_aventador_lp700_4_2012_rear.jpg,0.674602,0.0,0.14919,0.0,0.0,0.0,0.268652,0.0,0.0,0.0,0.0,0.0,0.0,0.0,0.0,0.49292,0.0,0.0,0.0,0.0,0.416459,0.0,0.0,0.0,0.0,0.0,0.0,0.0,0.0,0.0,0.184586,0.0,0.0,0.0,0.0,0.0
67_lamborghini_aventador_lp700_4_2012_side.jpg,0.0,0.0,0.0,0.0,0.0,0.0,0.0,0.0,0.0,0.0,0.0,0.0,0.0,0.0,0.0,0.0,0.0,0.0,0.0,0.0,0.171078,0.0,0.0,0.0,0.0,0.487684,0.0,0.0,0.0,0.0,0.0,0.218835,0.0,0.107852,0.813469,0.0
68_lamborghini_diablo_vt_6.0_2001_front.jpg,0.0,0.0,0.164334,0.100848,0.0,0.0,0.0,0.0,0.0,0.0,0.0,0.0,0.0,0.0,0.180814,0.0,0.0,0.0,0.0,0.0,0.0,0.0,0.0,0.0,0.0,0.0,0.334754,0.0,0.452457,0.0,0.0,0.0,0.0,0.0,0.77663,0.0
68_lamborghini_diablo_vt_6.0_2001_rear.jpg,0.0624948,0.0,0.0605982,0.0,0.0,0.0,0.0,0.0,0.138551,0.0,0.0,0.0,0.0,0.0,0.0,0.0,0.0,0.0,0.0,0.0,0.0,0.0,0.66952,0.0,0.0,0.0,0.0,0.532771,0.0,0.0,0.0,0.0,0.0,0.0,0.0,0.491044
68_lamborghini_diablo_vt_6.0_2001_side.jpg,0.0,0.0,0.0,0.0,0.365709,0.0,0.0,0.0,0.0,0.0,0.0,0.0,0.0,0.0,0.0,0.420574,0.0,0.0,0.0,0.0,0.0,0.0,0.807795,0.0,0.0,0.147751,0.0,0.0,0.0,0.0,0.0,0.0,0.0685392,0.101558,0.0,0.0
69_lamborghini_egoista_2013_front.jpg,0.0,0.320368,0.0,0.0,0.0,0.0,0.0,0.0,0.0,0.415153,0.0,0.10477,0.0,0.191169,0.790569,0.0,0.0,0.0,0.0,0.0,0.22911,0.0,0.0,0.0,0.0,0.0,0.0,0.0,0.0,0.0,0.0,0.0,0.0,0.0,0.0,0.0
69_lamborghini_egoista_2013_rear.jpg,0.0,0.0,0.0,0.0,0.0,0.0,0.233509,0.0,0.0,0.0,0.088322,0.0,0.0,0.0,0.0,0.0,0.0,0.0,0.0,0.0,0.0,0.0,0.0,0.0,0.0,0.0,0.0,0.0,0.0,0.0,0.942504,0.0,0.12822,0.0,0.0,0.0
69_lamborghini_egoista_2013_side.jpg,0.582412,0.0,0.0,0.0,0.0,0.206161,0.22229,0.577426,0.0,0.0,0.0,0.0,0.0,0.0,0.0,0.0,0.0,0.0,0.0,0.0,0.0,0.247217,0.0,0.0,0.0,0.137832,0.39414,0.0,0.0,0.0,0.0,0.0,0.0,0.0,0.0,0.0
6_alfa_romeo_mito_2010_front.jpg,0.0,0.0,0.0,0.114911,0.0911152,0.951832,0.0,0.0,0.0,0.0,0.0,0.0,0.0,0.0,0.0,0.0,0.0,0.0,0.0,0.0,0.0,0.0,0.0,0.0,0.0,0.0,0.163115,0.0,0.0,0.0,0.0,0.0,0.21425,0.0,0.0,0.0
6_alfa_romeo_mito_2010_rear.jpg,0.000220007,0.0,0.0,0.0,0.0,0.0,0.0,0.0,0.777064,0.0,0.0,0.0,0.0,0.0,0.0,0.0,0.0,0.0,0.0,0.0,0.232657,0.0,0.420213,0.0,0.0,0.0,0.0,0.0763974,0.0,0.0,0.0,0.0,0.399532,0.0,0.0,0.0
6_alfa_romeo_mito_2010_side.jpg,0.0,0.0,0.0,0.0,0.411591,0.0,0.0,0.0,0.332848,0.0,0.0,0.0,0.0,0.0,0.0,0.0,0.0,0.452343,0.0,0.0,0.0,0.0,0.0,0.0,0.0,0.0,0.0,0.0,0.0,0.0,0.229852,0.0,0.0,0.0,0.0,0.0
70_lamborghini_gallardo_lp560-4_2014_front.jpg,0.0277239,0.0149468,0.0,0.00253131,0.0,0.0,0.0,0.94004,0.0,0.0,0.0,0.0,0.0,0.0,0.0,0.0,0.0,0.0,0.0,0.114029,0.0,0.0,0.280895,0.0,0.0,0.0,0.0,0.0,0.0,0.0,0.0,0.0,0.0,0.0,0.153044,0.0
70_lamborghini_gallardo_lp560-4_2014_rear.jpg,0.0521917,0.0478674,0.0,0.0,0.0,0.0,0.126605,0.0,0.0,0.0,0.0,0.0,0.0,0.517112,0.746479,0.0,0.0,0.0,0.0,0.0,0.387383,0.0,0.0,0.0,0.0,0.0,0.0,0.0,0.0,0.0,0.0,0.0,0.0,0.0,0.0652246,0.0
70_lamborghini_gallardo_lp560-4_2014_side.jpg,0.0873323,0.0319956,0.029373,0.0,0.0,0.0,0.0,0.0,0.0,0.0,0.0,0.0,0.0,0.0,0.0,0.0,0.0,0.0,0.0,0.0,0.0,0.0,0.431416,0.0,0.0,0.174665,0.0,0.0,0.0,0.0,0.4086,0.0,0.0,0.779041,0.0,0.0
71_lamborghini_gallardo_lp570_4_superleggera_2011_front.jpg,0.0,0.657548,0.0,0.0,0.0,0.0,0.144077,0.0,0.0,0.0,0.0,0.0,0.0,0.072435,0.0,0.0,0.0,0.0,0.0,0.0,0.0,0.0,0.0,0.0,0.0,0.0,0.25499,0.0,0.0,0.0,0.0,0.0,0.0,0.0,0.373282,0.561629
71_lamborghini_gallardo_lp570_4_superleggera_2011_rear.jpg,0.0,0.0,0.0,0.0518013,0.0,0.0,0.257972,0.402546,0.0,0.0,0.0,0.0,0.0,0.0,0.0,0.0,0.0,0.0,0.0,0.0,0.0,0.272802,0.0,0.0,0.0,0.0,0.0,0.0,0.134366,0.0,0.0,0.0,0.0,0.790193,0.227691,0.0
71_lamborghini_gallardo_lp570_4_superleggera_2011_side.jpg,0.0,0.0,0.23362,0.0,0.0,0.0,0.0,0.0,0.143877,0.0,0.429572,0.0,0.120824,0.349092,0.0,0.0,0.0,0.0,0.0,0.0,0.0,0.0,0.0,0.0,0.0,0.0,0.0,0.0,0.0,0.0,0.679247,0.0,0.0,0.0,0.377291,0.0
72_lamborghini_huracan_lp61_4_2014_front.jpg,0.0656527,0.0243563,0.0178769,0.0,0.0,0.198051,0.0,0.0,0.0,0.0,0.0,0.0,0.0,0.238645,0.0,0.0,0.0,0.0,0.0,0.0,0.522958,0.0,0.0,0.0,0.0,0.0,0.0,0.0,0.0,0.0,0.0,0.0,0.0,0.790643,0.0,0.0
72_lamborghini_huracan_lp61_4_2014_rear.jpg,0.0,0.159205,0.0,0.0,0.0,0.0,0.522212,0.221457,0.0,0.0,0.0,0.0,0.677004,0.0,0.0,0.0,0.0963452,0.0,0.399079,0.0,0.0,0.0,0.0,0.0,0.0,0.0,0.0,0.0,0.0,0.0,0.0,0.0,0.0,0.0,0.0,0.0
72_lamborghini_huracan_lp61_4_2014_side.jpg,0.142028,0.0152361,0.0,0.0,0.0,0.0,0.0,0.0,0.0,0.0,0.0,0.0,0.0,0.0,0.0,0.0,0.0,0.418905,0.0,0.0,0.0,0.0,0.0,0.0,0.73536,0.0,0.0,0.0,0.0,0.0,0.0,0.0,0.220485,0.0,0.0,0.440971
73_lamborghini_reventon_2008_front.jpg,0.0363974,0.0185989,0.0165742,0.0,0.0,0.0,0.0,0.0,0.0,0.0,0.0,0.0,0.0,0.0,0.0,0.0,0.0,0.0,0.0,0.0,0.0,0.0,0.0,0.3474,0.0,0.0,0.0,0.936679,0.0,0.0,0.0,0.0,0.0,0.0,0.0,0.0
73_lamborghini_reventon_2008_rear.jpg,0.0580403,0.0,0.0,0.0,0.0,0.0,0.0,0.0,0.0,0.0,0.0,0.0,0.0,0.0,0.0,0.0,0.422918,0.0,0.0,0.294083,0.0,0.0,0.0,0.16377,0.0,0.0,0.0,0.0,0.0,0.0,0.0,0.0,0.0,0.0,0.823192,0.0
73_lamborghini_reventon_2008_side.jpg,0.0,0.0,0.0,0.0,0.0,0.212336,0.0,0.0,0.0,0.0,0.0,0.0,0.0,0.0,0.328735,0.595506,0.448994,0.0,0.0,0.0,0.0,0.0,0.0,0.0,0.0,0.0,0.0,0.0,0.0,0.0,0.0,0.491268,0.0,0.221988,0.0,0.0
74_lamborghini_sesto_elemento_2011_front.jpg,0.100179,0.0135454,0.0,0.0,0.0,0.0,0.0,0.0,0.0,0.0,0.0,0.0,0.0,0.0,0.0,0.0,0.0,0.0,0.0,0.0,0.343761,0.0,0.0,0.0,0.0,0.0,0.0,0.0,0.0,0.0,0.850771,0.121532,0.0,0.0,0.0,0.0
74_lamborghini_sesto_elemento_2011_rear.jpg,0.0474855,0.0417455,0.0311352,0.00208728,0.0,0.0,0.0,0.0,0.874685,0.0,0.0,0.0,0.0,0.0,0.0,0.0,0.0,0.0,0.0,0.0,0.0,0.0,0.0,0.0,0.0,0.0,0.0,0.472304,0.0,0.0,0.0829692,0.0,0.0,0.0,0.0,0.0
74_lamborghini_sesto_elemento_2011_side.jpg,0.13338,0.0348937,0.0137805,0.0,0.0,0.0,0.0,0.0,0.0,0.0,0.0,0.0,0.0,0.0,0.661336,0.0,0.0,0.0,0.0,0.0,0.0,0.0,0.0,0.0,0.0,0.0,0.0,0.0,0.627201,0.0,0.0,0.0,0.0,0.0,0.38737,0.0
75_lamborghini_veneno_2014_front.jpg,0.539805,0.0,0.154368,0.0,0.0,0.0,0.0,0.0,0.0,0.0,0.0,0.0,0.0,0.0,0.0,0.0,0.0,0.0,0.0,0.0,0.0,0.0,0.0,0.0,0.0,0.0,0.0,0.0,0.754589,0.182212,0.202701,0.0,0.0,0.0,0.0,0.0
75_lamborghini_veneno_2014_rear.jpg,0.0252199,0.215924,0.0,0.0,0.0,0.381409,0.333041,0.0,0.0,0.0,0.0,0.0,0.075775,0.0,0.0,0.0,0.544705,0.0,0.62762,0.0,0.0,0.0,0.0,0.0,0.0,0.0,0.0,0.0,0.0,0.0,0.0,0.0,0.0,0.0,0.0,0.0
75_lamborghini_veneno_2014_side.jpg,0.0,0.0,0.0,0.0,0.0,0.0,0.0,0.349585,0.253513,0.076894,0.0,0.0,0.0,0.0,0.185203,0.0,0.0,0.0,0.0,0.841816,0.0,0.0,0.0,0.0,0.0,0.0,0.0,0.0,0.0,0.0,0.0,0.0,0.0,0.0,0.0,0.0
76_lancia_stratos_1973_front.jpg,0.123053,0.0,0.111967,0.106928,0.0754846,0.0,0.477397,0.0,0.0,0.0,0.0,0.0,0.0,0.0,0.0,0.0,0.0,0.0,0.0,0.0,0.0,0.0,0.0,0.0,0.175459,0.0,0.0,0.834563,0.0,0.0,0.0,0.0,0.0,0.0,0.0,0.0
76_lancia_stratos_1973_rear.jpg,0.0,0.0,0.0,0.244338,0.0,0.0,0.0,0.0,0.0,0.0,0.122169,0.0,0.0,0.0,0.0,0.0,0.0,0.0762244,0.0,0.0,0.0,0.0,0.0,0.352466,0.0,0.0,0.0,0.0,0.883362,0.0,0.0,0.0,0.0,0.0,0.0,0.0
76_lancia_stratos_1973_side.jpg,0.0267927,0.0,0.0,0.0,0.0,0.0,0.0,0.0,0.0,0.0,0.0,0.0,0.0,0.0,0.0,0.0,0.0,0.0,0.0,0.0,0.0,0.0,0.289979,0.0,0.0,0.0,0.0,0.0,0.0,0.517717,0.0,0.554265,0.0,0.47952,0.0,0.160619
77_land_rover_range_rover_evoque_2011_front.jpg,0.176788,0.0,0.0,0.0,0.0,0.0,0.0,0.0,0.0,0.0,0.686288,0.0,0.0,0.0,0.0,0.0,0.584847,0.0,0.291922,0.0,0.15313,0.0,0.0,0.0,0.0,0.0,0.0,0.0,0.0,0.0,0.0,0.0,0.0,0.0,0.0,0.0
77_land_rover_range_rover_evoque_2011_rear.jpg,0.0,0.0,0.0,0.0,0.0,0.0,0.0549488,0.0,0.0,0.0,0.0,0.526258,0.0,0.0,0.0,0.0,0.0,0.0,0.0,0.0,0.0,0.0,0.0646654,0.0,0.337343,0.0,0.0,0.0,0.393912,0.0,0.0,0.0,0.0,0.0,0.57713,0.0
77_land_rover_range_rover_evoque_2011_side.jpg,0.0,0.0,0.149268,0.617608,0.0,0.0,0.0,0.0,0.256072,0.0,0.0,0.0,0.0,0.242454,0.300788,0.0,0.0,0.0,0.0,0.0,0.0,0.0,0.0,0.0,0.0,0.0,0.0,0.0,0.0,0.0,0.0,0.0,0.0,0.0,0.0,0.0
78_lexus_is_350_2014_front.jpg,0.0,0.0858116,0.235862,0.0,0.0,0.0,0.0,0.0,0.0,0.0,0.0,0.0,0.0,0.0,0.0,0.0,0.0,0.0,0.0,0.359426,0.0,0.0,0.500134,0.746782,0.0,0.0,0.0,0.0,0.0,0.0,0.0,0.0,0.0,0.0,0.0,0.0
78_lexus_is_350_2014_rear.jpg,0.0,0.0,0.423846,0.0,0.0,0.811513,0.0,0.0,0.0,0.0,0.0,0.0,0.380883,0.0,0.0,0.0,0.0,0.0,0.0,0.0,0.0,0.0,0.0,0.0,0.0,0.0,0.0,0.0,0.0,0.0,0.0,0.0,0.129343,0.0,0.0,0.0
78_lexus_is_350_2014_side.jpg,0.529745,0.0,0.0,0.0,0.0,0.0,0.0,0.0,0.0,0.0,0.0,0.0,0.0,0.0,0.0,0.0,0.0,0.0,0.0,0.0,0.452577,0.0,0.0,0.0,0.0,0.0,0.0,0.0,0.482304,0.0,0.0,0.375408,0.0,0.0,0.0,0.0
79_lexus_is_f_sport_2016_front.jpg,0.0,0.0,0.217829,0.0,0.0,0.0,0.0,0.0,0.0,0.0,0.0,0.0,0.149803,0.0,0.44977,0.0,0.0,0.0,0.521921,0.0,0.0,0.377763,0.0,0.0,0.0,0.266533,0.0,0.0,0.0,0.491599,0.0,0.0,0.0,0.0,0.0,0.0
79_lexus_is_f_sport_2016_rear.jpg,0.135776,0.356684,0.120334,0.114122,0.0762591,0.0,0.0,0.0,0.0,0.0,0.0,0.0,0.0,0.0,0.0,0.0,0.0,0.0,0.0,0.0,0.0,0.0,0.0,0.0,0.0,0.0,0.0,0.4191,0.0,0.0,0.0,0.0,0.0,0.0,0.803353,0.0
79_lexus_is_f_sport_2016_side.jpg,0.0,0.77129,0.0,0.0,0.0522709,0.0,0.0,0.0,0.0,0.0,0.0,0.0,0.0,0.0,0.0,0.0,0.0,0.0,0.0,0.0,0.0,0.0,0.0,0.0,0.0,0.0,0.0,0.338416,0.0,0.0,0.0,0.0,0.0,0.205806,0.0,0.297659
7_ascari_kz1_2012_side.jpg,0.0,0.0,0.209266,0.0,0.0,0.0,0.0,0.0,0.0,0.0,0.0,0.245836,0.0,0.0,0.0,0.0,0.0,0.0,0.0,0.0,0.0,0.0,0.0,0.0,0.0,0.0,0.0,0.0,0.0,0.0,0.0,0.0,0.0,0.0,0.195201,0.926104
7_ascar_kz1_2012_front.jpg,0.0,0.0,0.0,0.0,0.0,0.0,0.0,0.0,0.0,0.0,0.131275,0.0,0.0,0.0,0.729411,0.0,0.0,0.0,0.0,0.0,0.0,0.171676,0.0,0.123388,0.0,0.0,0.0,0.0,0.0,0.0,0.637204,0.0,0.0,0.0,0.0,0.0
7_ascar_kz1_2012_rear.jpg,0.585218,0.0129583,0.0,0.0,0.0,0.0,0.12762,0.0,0.0,0.0,0.0,0.0,0.0,0.0,0.0,0.0,0.0,0.0,0.0,0.800666,0.0,0.0,0.0,0.0,0.0,0.0,0.0,0.0,0.0,0.0,0.0,0.0,0.0,0.0,0.0,0.0
80_lexus_lfa_2011_front.jpg,0.082904,0.0,0.0,0.0,0.0,0.0,0.0,0.0,0.0,0.0,0.0,0.0,0.0,0.0,0.0,0.0,0.0,0.0,0.0,0.0,0.0,0.0,0.0,0.0,0.339665,0.0,0.0,0.0,0.0,0.107534,0.0,0.0,0.0,0.930694,0.0,0.0
80_lexus_lfa_2011_rear.jpg,0.0910706,0.0527488,0.00195366,0.0,0.0,0.0,0.0,0.0,0.0,0.785146,0.0,0.0,0.0,0.0,0.561226,0.0,0.0,0.0,0.0,0.0,0.0,0.0,0.239774,0.0,0.0,0.0,0.0,0.0,0.0,0.0,0.0,0.0,0.0,0.0,0.0,0.0
80_lexus_lfa_2011_side.jpg,0.0,0.0,0.100312,0.9423,0.0,0.0,0.0,0.0,0.0,0.0,0.0,0.0,0.0,0.0,0.0,0.0,0.156787,0.189961,0.0,0.0,0.0,0.0,0.0,0.0,0.0,0.0,0.0,0.0,0.0,0.129339,0.0,0.0,0.0,0.0,0.0,0.0
81_lexus_rc_2015_front.jpg,0.0,0.0917422,0.0,0.0,0.0,0.0,0.0,0.0,0.0,0.0,0.227614,0.330272,0.0,0.0,0.0,0.0,0.0,0.0,0.0,0.0,0.622453,0.0,0.0,0.0,0.0,0.0,0.128555,0.0,0.644053,0.0,0.0,0.0,0.0,0.109162,0.0,0.0
81_lexus_rc_2015_rear.jpg,0.0,0.0,0.0,0.0,0.146326,0.0,0.0,0.555809,0.0,0.0,0.0,0.0,0.0,0.0,0.0,0.0914058,0.0,0.0,0.0,0.0,0.441138,0.0,0.0,0.0,0.540934,0.0,0.411898,0.0,0.0,0.0,0.0,0.0,0.0666157,0.0,0.0,0.0
81_lexus_rc_2015_side.jpg,0.0,0.0,0.0,0.561622,0.0,0.0,0.0,0.0,0.0,0.0,0.0,0.0,0.409237,0.183586,0.0,0.131909,0.0,0.521227,0.0,0.0,0.0,0.0,0.0,0.342656,0.0,0.0,0.0,0.0,0.0,0.0,0.0,0.0,0.0,0.0,0.277329,0.0
82_lotus_exige_s_2011_front.jpg,0.0751243,0.0582987,0.0274612,0.0273486,0.435158,0.0,0.0,0.195773,0.0,0.0,0.0,0.0,0.0,0.0,0.0,0.0,0.0,0.0,0.0,0.0,0.0,0.0,0.872792,0.0,0.0,0.0,0.0,0.0,0.0,0.0,0.0,0.0,0.0,0.0,0.0,0.0
82_lotus_exige_s_2011_rear.jpg,0.0604518,0.462856,0.0,0.0,0.0,0.0,0.0,0.0,0.0,0.495697,0.0,0.0,0.0,0.0,0.0,0.0,0.0,0.0,0.0847751,0.0,0.0,0.0,0.0,0.0,0.0,0.0,0.362077,0.390203,0.0,0.0,0.0,0.0,0.0,0.0,0.0,0.0
82_lotus_exige_s_2011_side.jpg,0.0,0.0,0.0,0.0292042,0.0,0.0,0.0,0.156346,0.0,0.0,0.0,0.0,0.0533936,0.0,0.0,0.0,0.0,0.0,0.0,0.0,0.500602,0.0,0.11431,0.416677,0.0,0.0,0.0,0.0,0.0,0.0,0.0,0.0,0.0,0.731139,0.0,0.0
83_marussia_b2_2012_front.jpg,0.0,0.0,0.0,0.0,0.0,0.239958,0.0,0.0,0.0,0.0,0.0,0.0,0.0,0.0,0.0,0.0,0.0,0.461806,0.0,0.0,0.576772,0.0,0.336329,0.0,0.219584,0.0,0.0,0.0,0.0,0.0,0.0,0.0,0.0,0.0,0.0,0.484928
83_marussia_b2_2012_rear.jpg,0.0702701,0.0580531,0.0,0.0527917,0.0,0.0,0.0,0.0,0.0,0.27136,0.0,0.0,0.0,0.0,0.187446,0.0,0.0,0.0,0.0,0.0,0.0,0.0,0.0,0.0,0.0,0.0,0.0,0.0,0.0,0.0,0.0,0.897995,0.0,0.0,0.0,0.0
83_marussia_b2_2012_side.jpg,0.126727,0.0467482,0.0,0.0,0.0,0.0,0.0,0.0,0.0,0.0,0.0,0.422705,0.0,0.569567,0.0,0.0,0.0,0.0,0.0,0.0,0.0,0.0,0.0,0.0,0.286966,0.0,0.0,0.611105,0.0,0.0,0.151227,0.0,0.0,0.0,0.0,0.0
84_maybach_exelero_2005_front.jpg,0.0,0.242735,0.0,0.0,0.0,0.0,0.0,0.0,0.0,0.0,0.583541,0.0,0.0,0.0,0.0,0.0,0.0,0.0,0.0,0.0,0.0,0.747606,0.144278,0.0,0.0,0.0,0.0,0.0,0.0,0.0,0.0,0.0,0.0,0.0,0.0,0.0
84_maybach_exelero_2005_rear.jpg,0.0,0.0,0.0,0.0,0.0,0.0,0.0,0.0,0.0,0.0,0.0,0.0,0.0,0.0,0.0,0.0,0.0,0.875656,0.0,0.0651569,0.0,0.283135,0.152877,0.0,0.0,0.0,0.0,0.354181,0.0,0.0,0.0,0.0,0.0,0.0,0.0,0.0
84_maybach_exelero_2005_side.jpg,0.0778803,0.0,0.0,0.0,0.0,0.450486,0.287137,0.0,0.0,0.0,0.0,0.0,0.0,0.0,0.0,0.0,0.0,0.0,0.0,0.0,0.0,0.841754,0.0,0.0,0.0,0.0,0.0,0.0,0.0,0.0,0.0,0.0,0.0,0.0,0.0,0.0
85_mclaren_f1_1993_front.jpg,0.0272013,0.0234014,0.000940569,0.0,0.0,0.0,0.0,0.0,0.174043,0.0,0.0,0.0,0.0,0.0,0.0,0.0,0.0,0.0,0.0,0.0,0.0,0.0,0.0,0.0,0.0,0.873299,0.0,0.0,0.453618,0.0,0.0,0.0,0.0,0.0,0.0,0.0
85_mclaren_f1_1993_rear.jpg,0.104264,0.903777,0.0,0.0,0.0,0.0,0.0,0.277916,0.0,0.0,0.0,0.0,0.0,0.0,0.0,0.0,0.0,0.0,0.0,0.0,0.0,0.0,0.167509,0.0,0.0,0.0,0.0,0.0,0.0,0.0,0.0,0.0,0.0,0.0,0.0,0.0
85_mclaren_f1_1993_side.jpg,0.0,0.0,0.0,0.0,0.0,0.0,0.0,0.0,0.0,0.840863,0.0,0.0,0.0,0.0,0.0,0.415175,0.0,0.0,0.0,0.0,0.0,0.0,0.0,0.0,0.0,0.0,0.0,0.0,0.0,0.0,0.0,0.0,0.347246,0.0,0.0,0.0
86_mclaren_mp4_12c_2011_front.jpg,0.0,0.0,0.0,0.0,0.0,0.0,0.0,0.122028,0.0,0.0,0.0,0.0,0.0,0.0,0.0,0.0,0.820114,0.0,0.0,0.0,0.0,0.0,0.0,0.0,0.0,0.0,0.430639,0.105563,0.0,0.0,0.0,0.0,0.0,0.0,0.0,0.305994
86_mclaren_mp4_12c_2011_rear.jpg,0.0,0.0,0.0630905,0.0,0.0,0.0,0.0,0.0,0.0,0.0,0.0,0.0,0.0,0.0,0.0,0.0,0.0,0.0,0.499507,0.0,0.46731,0.0,0.0,0.0,0.0,0.144888,0.0,0.0,0.0,0.0,0.676226,0.0,0.0,0.169872,0.0,0.0
86_mclaren_mp4_12c_2011_side.jpg,0.0,0.190846,0.0,0.0,0.757425,0.0,0.0,0.0,0.0,0.0,0.0,0.0,0.0,0.0,0.0,0.0,0.0,0.0,0.0,0.0,0.0,0.0,0.0,0.0599653,0.0,0.0,0.40985,0.0,0.0,0.0,0.0,0.215577,0.0,0.0,0.0,0.0
87_mclaren_p1_2014_front.jpg,0.0659998,0.0453602,0.00792626,0.0,0.0,0.0,0.0,0.0,0.553818,0.0,0.0,0.0,0.0,0.0,0.0,0.0,0.0,0.0,0.0,0.112459,0.0,0.0,0.0,0.0,0.0,0.682207,0.0,0.0,0.0,0.0,0.0,0.0,0.0,0.0,0.456898,0.0
87_mclaren_p1_2014_rear.jpg,0.103137,0.093555,0.0428517,0.0,0.0,0.0,0.0,0.0,0.0,0.0,0.0,0.0,0.0,0.0,0.0,0.0,0.20481,0.0,0.676045,0.0,0.647033,0.0,0.0,0.0,0.0,0.0,0.0,0.0,0.0,0.0,0.0,0.0,0.0,0.247262,0.0,0.0
87_mclaren_p1_2014_side.jpg,0.0,0.0,0.0,0.0,0.387396,0.0,0.0,0.0,0.0,0.0,0.0,0.0,0.0,0.642586,0.0,0.0,0.120978,0.0,0.0,0.0,0.0,0.0,0.0,0.0,0.0,0.0,0.0,0.0,0.0,0.512652,0.0,0.08943,0.0,0.0320825,0.0,0.0
88_mercedes_benz_190e_evolution_2_1990_front.jpg,0.0254983,0.0,0.0,0.0,0.0,0.0,0.933653,0.0,0.0,0.0,0.22957,0.0,0.0,0.0,0.0,0.0,0.0,0.0,0.0,0.0,0.0,0.0,0.0,0.0,0.0712452,0.0,0.0,0.0,0.0,0.12923,0.0,0.0,0.0,0.0,0.0,0.0
88_mercedes_benz_190e_evolution_2_1990_rear.jpg,0.00881787,0.0,0.204443,0.0,0.0,0.0,0.631507,0.0,0.0,0.0905483,0.0785063,0.0,0.0,0.0,0.0,0.0,0.0,0.0,0.0,0.0,0.0,0.0,0.0,0.0,0.0,0.0,0.0,0.0,0.0,0.0,0.0,0.0,0.738215,0.0,0.0,0.0
88_mercedes_benz_190e_evolution_2_1990_side.jpg,0.00046048,0.0,0.0,0.0,0.0,0.0,0.0,0.0,0.0,0.0,0.0,0.0,0.0,0.0,0.0,0.0,0.163125,0.0,0.640528,0.0,0.0,0.0,0.0,0.0,0.743445,0.0,0.101996,0.0,0.0,0.0,0.0,0.0,0.0,0.0,0.0,0.0
89_mercedes_benz_cl600_2001_front.jpg,0.224884,0.0,0.0,0.0,0.0,0.0,0.0,0.0,0.0,0.0,0.0,0.0,0.0,0.550333,0.0,0.0,0.0,0.0,0.0,0.0,0.0,0.0,0.0,0.0,0.27905,0.180899,0.0,0.0,0.0,0.0,0.0,0.709371,0.0,0.0,0.0,0.0
89_mercedes_benz_cl600_2001_rear.jpg,0.0,0.348264,0.0,0.0,0.0,0.561571,0.0,0.0,0.0,0.0,0.0,0.0,0.0,0.0,0.0,0.0,0.0,0.0,0.0,0.0,0.587347,0.0,0.210635,0.0,0.0,0.254461,0.0,0.0,0.0,0.0,0.0,0.0,0.0,0.0,0.0,0.0
89_mercedes_benz_cl600_2001_side.jpg,0.375668,0.0,0.0,0.0,0.18777,0.0,0.0,0.0,0.0,0.0,0.0,0.0,0.643214,0.0,0.0,0.0,0.0,0.0,0.0,0.0,0.517264,0.0,0.224323,0.0,0.0,0.0,0.0,0.0,0.0,0.0,0.0,0.0,0.0,0.30333,0.0,0.0
8_aston_martin_db7_vantage_2000_front.jpg,0.0,0.0,0.0,0.0,0.0,0.0,0.0,0.767109,0.0,0.0,0.0,0.0,0.455594,0.0,0.0,0.0,0.0,0.0,0.0,0.0,0.0,0.0,0.0,0.0,0.0,0.0,0.183949,0.0,0.0,0.0,0.0,0.214817,0.0,0.352128,0.0,0.0
8_aston_martin_db7_vantage_2000_rear.jpg,0.648251,0.719525,0.0766362,0.0621778,0.0172414,0.0,0.0,0.0,0.0,0.0,0.0,0.0,0.0,0.0,0.0,0.0,0.0,0.0,0.0,0.0,0.0,0.0,0.0,0.0,0.0,0.0,0.0,0.0,0.0,0.0,0.228076,0.0,0.0,0.0,0.0,0.0
8_aston_martin_db7_vantage_2000_side.jpg,0.00458697,0.0,0.0,0.0,0.0,0.0,0.0,0.0,0.0,0.0,0.0,0.0,0.0,0.0,0.0,0.0,0.150605,0.659504,0.0,0.0,0.422511,0.0,0.0,0.0,0.0,0.187301,0.0,0.0,0.0,0.0,0.0,0.0,0.0,0.573371,0.0,0.0
90_mercedes_benz_clk_55_2001_front.jpg,0.0,0.0,0.0,0.178551,0.0,0.336659,0.0,0.0,0.236696,0.0,0.0,0.0,0.0,0.0,0.0,0.0,0.611144,0.0,0.0,0.0,0.0,0.0,0.0,0.0,0.0,0.0,0.0,0.0,0.0,0.375508,0.0,0.0,0.0,0.477719,0.0,0.0
90_mercedes_benz_clk_55_2001_rear.jpg,0.0,0.411313,0.0,0.0,0.0,0.0,0.0,0.522866,0.0,0.466426,0.0,0.0,0.339328,0.0,0.0,0.0,0.0,0.0,0.0,0.0,0.0,0.0,0.0,0.204436,0.0,0.116649,0.0,0.0,0.0,0.0,0.0,0.0,0.0,0.0,0.0,0.0
90_mercedes_benz_clk_55_2001_side.jpg,0.0,0.0,0.0,0.0,0.338109,0.0,0.0,0.140784,0.0,0.0,0.0,0.0,0.0,0.760321,0.0,0.0,0.0,0.0,0.0,0.0,0.0,0.0,0.0,0.0,0.0,0.421222,0.0,0.0,0.0,0.0,0.0,0.0,0.164673,0.0,0.288495,0.0
91_mercedes_benz_clk_gtr_1999_front.jpg,0.554327,0.0,0.128978,0.0,0.0,0.0,0.0,0.0,0.0,0.0,0.0,0.0,0.0,0.0,0.0,0.295868,0.0,0.0,0.510697,0.0,0.241204,0.0,0.0,0.0,0.0,0.0,0.0,0.458828,0.0,0.0,0.0,0.0,0.0,0.0,0.0,0.0
91_mercedes_benz_clk_gtr_1999_rear.jpg,0.0,0.0,0.206687,0.0,0.0,0.0,0.0,0.0,0.0,0.0,0.0,0.0,0.0,0.0,0.814864,0.251457,0.167006,0.0,0.26958,0.0,0.0,0.0,0.0,0.0,0.0,0.0,0.0,0.0,0.0,0.0,0.0,0.318604,0.0,0.0,0.0,0.0
91_mercedes_benz_clk_gtr_1999_side.jpg,0.304742,0.0,0.0,0.0,0.405016,0.381493,0.0,0.0,0.0,0.0,0.0,0.0,0.0,0.0,0.0,0.0,0.0,0.167789,0.0,0.0,0.0,0.0,0.0,0.0,0.0,0.0,0.0,0.0,0.613898,0.0,0.0,0.0,0.0,0.0,0.0,0.0
92_mercedes_benz_cls550_2012_front.jpg,0.517348,0.0122155,0.0,0.0,0.0,0.0,0.0,0.0,0.0,0.0,0.0,0.0,0.295522,0.0,0.0,0.0,0.0,0.13417,0.0,0.467211,0.0,0.0,0.0,0.0,0.598226,0.0,0.0,0.0,0.0,0.0,0.0,0.0,0.0,0.225182,0.0,0.0
92_mercedes_benz_cls550_2012_rear.jpg,0.0497184,0.0,0.0,0.0,0.0,0.157945,0.0,0.0,0.0,0.0,0.0,0.0,0.753218,0.0,0.0,0.0,0.0,0.0,0.470599,0.0,0.0,0.0,0.0,0.0,0.0,0.0,0.0,0.0,0.0,0.0,0.242876,0.0,0.0,0.0,0.0,0.35326
92_mercedes_benz_cls550_2012_side.jpg,0.00729225,0.692933,0.0,0.0,0.0,0.0,0.214358,0.0,0.0,0.0,0.0,0.0,0.0,0.0,0.0,0.485189,0.0,0.0,0.0,0.0,0.0,0.0,0.0,0.144149,0.466534,0.0,0.0,0.0,0.0,0.0,0.0,0.0,0.0,0.0,0.0,0.0
93_mercedes_benz_s_class_2006_front.jpg,0.0889063,0.000661286,0.0,0.0,0.0,0.0,0.0,0.0,0.0,0.0,0.0,0.0,0.0,0.0,0.0,0.0,0.0,0.0,0.522196,0.0,0.0,0.290305,0.0,0.0,0.784285,0.0,0.0,0.0,0.0,0.0,0.0,0.0,0.0,0.0,0.0,0.141515
93_mercedes_benz_s_class_2006_rear.jpg,0.0,0.46169,0.0,0.0,0.0,0.0,0.0,0.0,0.265919,0.0,0.637919,0.0,0.216028,0.0,0.0,0.0,0.0,0.0,0.0,0.0,0.0,0.512368,0.0,0.0,0.0,0.0,0.0,0.0,0.0,0.0,0.0,0.0,0.0,0.0,0.0,0.0
93_mercedes_benz_s_class_2006_side.jpg,0.0,0.24291,0.0,0.0,0.0,0.0,0.0,0.0,0.5859,0.0,0.0,0.0,0.235539,0.0,0.279764,0.0,0.0,0.0,0.0,0.0,0.0,0.0,0.0,0.0,0.0,0.0,0.0,0.0,0.0,0.364775,0.524804,0.0,0.0,0.0,0.0,0.0
94_mercedes_benz_s65_amg_2007_front.jpg,0.0,0.0,0.0,0.28378,0.334217,0.0,0.0,0.0,0.0,0.0,0.0,0.0,0.0,0.0,0.0,0.0,0.0,0.542942,0.0,0.0,0.549397,0.0,0.0,0.0,0.0,0.0,0.44327,0.0,0.0,0.0,0.0,0.0,0.0,0.121062,0.0,0.0
94_mercedes_benz_s65_amg_2007_rear.jpg,0.0,0.0,0.0,0.0,0.0,0.0,0.0,0.480382,0.0,0.0,0.0,0.0,0.0,0.0,0.369347,0.0,0.270215,0.0,0.405056,0.0,0.0,0.0,0.0,0.15918,0.0,0.0,0.0,0.0,0.0,0.0,0.0,0.0,0.0,0.275189,0.0,0.542828
94_mercedes_benz_s65_amg_2007_side.jpg,0.0,0.0,0.0,0.0,0.0,0.0,0.0,0.74356,0.0,0.0,0.0,0.0,0.0,0.393039,0.0,0.0716442,0.0,0.0,0.0,0.0,0.0,0.0,0.0,0.0,0.0,0.0,0.0,0.0,0.0,0.0,0.0,0.454137,0.0,0.0,0.0,0.28507
95_mercedes_benz_slr_stirling_moss_2009_front.jpg,0.383519,0.0,0.0,0.0,0.0,0.0,0.0,0.0,0.0,0.0,0.0,0.301181,0.0,0.0,0.0,0.0,0.124363,0.849098,0.0,0.0,0.0,0.0,0.0,0.0,0.16053,0.0,0.0,0.0,0.0,0.0,0.0,0.0,0.0,0.0,0.0,0.0
95_mercedes_benz_slr_stirling_moss_2009_rear.jpg,0.0,0.0,0.0,0.0,0.0,0.0,0.0,0.0,0.215943,0.0,0.0,0.0,0.0,0.609427,0.0,0.0,0.0,0.46571,0.0,0.0,0.0,0.0,0.0,0.0,0.0,0.553662,0.0,0.0,0.0,0.0,0.0,0.0,0.241951,0.0,0.0,0.0
95_mercedes_benz_slr_stirling_moss_2009_side.jpg,0.0702879,0.0,0.0,0.245958,0.0,0.0,0.0,0.818269,0.0,0.0,0.0,0.0,0.0,0.0,0.0,0.0,0.0,0.0,0.0,0.0,0.514782,0.0,0.0,0.0,0.0,0.0,0.0,0.0,0.0,0.0,0.0,0.0,0.0,0.0,0.0,0.0
96_mercedes_benz_sls_amg_2011_front.jpg,0.0,0.0,0.0,0.0,0.0,0.0,0.0,0.0,0.0,0.0,0.0,0.0,0.570034,0.709495,0.0,0.120741,0.0,0.0,0.0,0.0,0.0,0.0,0.316633,0.0,0.0,0.0,0.0,0.0,0.0,0.0,0.0,0.0,0.0,0.0,0.0,0.168586
96_mercedes_benz_sls_amg_2011_rear.jpg,0.0,0.0,0.0,0.0,0.0,0.0,0.0,0.0,0.0,0.0,0.502867,0.0,0.0,0.571853,0.0,0.0,0.0,0.0,0.0,0.156569,0.0,0.29461,0.0,0.180499,0.525566,0.0,0.0,0.0,0.0,0.0,0.0,0.0,0.0,0.0,0.0,0.0
96_mercedes_benz_sls_amg_2011_side.jpg,0.125603,0.102669,0.0981354,0.0,0.0,0.0,0.0,0.0,0.0,0.0,0.0,0.0,0.0,0.0,0.0,0.0,0.0,0.285339,0.0,0.0,0.0,0.0,0.0,0.0,0.0,0.939486,0.0,0.0,0.0,0.0,0.0,0.0,0.0,0.0,0.0,0.0
97_mini_cooper_roadster_s_2012_front.jpg,0.074049,0.0,0.0,0.0,0.0,0.0,0.0,0.208752,0.0,0.0,0.0,0.0,0.143648,0.365038,0.0,0.0,0.0,0.0,0.0,0.0,0.0,0.698926,0.0,0.0,0.0,0.0,0.0,0.0,0.0,0.0,0.0,0.514694,0.0,0.0,0.0,0.0
97_mini_cooper_roadster_s_2012_rear.jpg,0.0574908,0.0474078,0.00205198,0.0,0.0,0.0,0.0,0.0,0.0,0.0,0.1326,0.0,0.0,0.0,0.0,0.0,0.0,0.0,0.0851571,0.0,0.821393,0.0,0.0,0.0,0.0,0.0,0.0,0.0,0.543067,0.0,0.0,0.0,0.0,0.0,0.0,0.0
97_mini_cooper_roadster_s_2012_side.jpg,0.0500719,0.0389805,0.0,0.0,0.0,0.0,0.0,0.0,0.79201,0.0746014,0.0,0.0,0.0,0.0,0.0,0.0,0.296158,0.0,0.0,0.0,0.0,0.524804,0.0,0.0,0.0,0.0,0.0,0.0,0.0,0.0,0.0,0.0,0.0,0.0,0.0,0.0
98_mitsubishi_pajero_sport_2016_front.jpg,0.000396752,0.0,0.0,0.0,0.0,0.300284,0.0,0.0,0.0,0.0,0.0,0.267581,0.0,0.0,0.392501,0.0,0.0,0.0,0.0,0.0,0.0,0.79288,0.0,0.0,0.0,0.0,0.0,0.0,0.0,0.0,0.0,0.0,0.235614,0.0,0.0,0.0
98_mitsubishi_pajero_sport_2016_rear.jpg,0.0162427,0.0,0.0,0.216888,0.0,0.0,0.0,0.0,0.0,0.0,0.0,0.0,0.0,0.0,0.263108,0.0,0.458816,0.0,0.0,0.496656,0.0,0.0,0.0,0.0,0.0,0.0,0.0,0.0,0.0,0.0,0.0,0.0,0.0,0.0,0.0,0.0
98_mitsubishi_pajero_sport_2016_side.jpg,0.0,0.0,0.0,0.0,0.0,0.0,0.0,0.433464,0.0,0.0,0.0,0.260229,0.0,0.769177,0.0,0.0,0.0,0.289102,0.0,0.0,0.0,0.0,0.0,0.0,0.134738,0.0,0.0,0.0,0.159648,0.0,0.0,0.0,0.0,0.0,0.0,0.0
99_nissan_370z_2013_front.jpg,0.0810236,0.0284275,0.0,0.0,0.131465,0.0,0.89675,0.0,0.0,0.0,0.0,0.0,0.0,0.0,0.0,0.0,0.0,0.224188,0.0,0.0,0.0,0.0,0.0,0.0,0.0,0.0,0.0,0.0,0.321067,0.0,0.0,0.0,0.0,0.0,0.0,0.0
99_nissan_370z_2013_rear.jpg,0.0,0.0,0.65813,0.0,0.0,0.0,0.0,0.0,0.0,0.0,0.0,0.129902,0.0,0.0,0.0,0.0,0.0,0.0,0.203875,0.0,0.0,0.0,0.0,0.0,0.0742825,0.0,0.0,0.0476471,0.0,0.0,0.0,0.0,0.259804,0.0,0.0,0.0
99_nissan_370z_2013_side.jpg,0.0263246,0.0,0.0,0.0,0.0,0.0,0.0,0.0,0.127911,0.0,0.691753,0.404432,0.0,0.0,0.0,0.0,0.0,0.57633,0.0653054,0.0,0.0,0.0,0.0,0.0,0.0,0.0,0.0,0.0,0.0,0.0,0.0,0.0,0.0,0.0,0.0,0.0
9_aston_martin_db9_gt_2016_front.jpg,0.0,0.0,0.0,0.0,0.0,0.111644,0.0,0.0,0.299433,0.0,0.0,0.529098,0.0,0.0,0.0,0.581424,0.0,0.0,0.0,0.333087,0.368202,0.0,0.0,0.0,0.182641,0.0,0.0,0.0,0.0,0.0,0.0,0.0,0.0,0.0,0.0,0.0
9_aston_martin_db9_gt_2016_rear.jpg,0.0,0.0,0.0,0.0,0.0,0.0,0.117962,0.608029,0.0,0.0,0.0,0.0,0.0,0.298405,0.0,0.0,0.0,0.635225,0.0,0.15114,0.0,0.0,0.0,0.0,0.317782,0.0,0.0,0.0,0.0,0.0,0.0,0.0,0.0,0.0,0.0,0.0
9_aston_martin_db9_gt_2016_side.jpg,0.0,0.0,0.0,0.0,0.0,0.0,0.258171,0.0,0.0,0.488385,0.0,0.0,0.0,0.0,0.0,0.0,0.0,0.0,0.0,0.185782,0.151632,0.0,0.0,0.0,0.0,0.0,0.798323,0.0,0.0,0.0,0.0,0.0,0.0,0.0,0.0,0.0
